-- phpMyAdmin SQL Dump
-- version 5.2.1
-- https://www.phpmyadmin.net/
--
-- Host: 127.0.0.1
-- Generation Time: Feb 24, 2025 at 08:00 AM
-- Server version: 10.4.32-MariaDB
-- PHP Version: 8.2.12

SET SQL_MODE = "NO_AUTO_VALUE_ON_ZERO";
START TRANSACTION;
SET time_zone = "+00:00";


/*!40101 SET @OLD_CHARACTER_SET_CLIENT=@@CHARACTER_SET_CLIENT */;
/*!40101 SET @OLD_CHARACTER_SET_RESULTS=@@CHARACTER_SET_RESULTS */;
/*!40101 SET @OLD_COLLATION_CONNECTION=@@COLLATION_CONNECTION */;
/*!40101 SET NAMES utf8mb4 */;

--
-- Database: `niyd_bookland_test`
--

-- --------------------------------------------------------

--
-- Table structure for table `authors`
--

CREATE TABLE `authors` (
  `id` bigint(20) UNSIGNED NOT NULL,
  `name` varchar(255) NOT NULL,
  `status` tinyint(4) NOT NULL,
  `image` text DEFAULT NULL,
  `description` text DEFAULT NULL,
  `created_at` timestamp NULL DEFAULT NULL,
  `updated_at` timestamp NULL DEFAULT NULL
) ENGINE=InnoDB DEFAULT CHARSET=utf8mb4 COLLATE=utf8mb4_unicode_ci;

--
-- Dumping data for table `authors`
--

INSERT INTO `authors` (`id`, `name`, `status`, `image`, `description`, `created_at`, `updated_at`) VALUES
(1, 'হুমায়ূন আহমেদ', 1, 'upload/author-images/humayun ahmed.jpg', '<p><span style=\"color: rgb(102, 102, 102); font-family: Lato, sans-serif, SiyamRupali; font-size: 15px; font-style: normal; font-variant-ligatures: normal; font-variant-caps: normal; font-weight: 400; letter-spacing: normal; orphans: 2; text-align: left; text-indent: 0px; text-transform: none; widows: 2; word-spacing: 0px; -webkit-text-stroke-width: 0px; white-space: normal; background-color: rgb(255, 247, 234); text-decoration-thickness: initial; text-decoration-style: initial; text-decoration-color: initial; display: inline !important; float: none;\">বাংলা সাহিত্যের এক কিংবদন্তী হুমায়ূন আহমেদ। বিংশ শতাব্দীর বাঙালি লেখকদের মধ্যে তিনি অন্যতম স্থান দখল করে আছেন। একাধারে ঔপন্যাসিক, ছোটগল্পকার ও নাট্যকার এ মানুষটিকে বলা হয় বাংলা সায়েন্স ফিকশনের পথিকৃৎ। নাটক ও চলচ্চিত্র পরিচালক হিসেবেও তিনি বেশ সমাদৃত। বাদ যায়নি গীতিকার কিংবা চিত্রশিল্পীর পরিচয়ও। সৃজনশীলতার প্রতিটি শাখায় তাঁর সমান বিচরণ ছিল। অর্জন করেছেন সর্বোচ্চ সফলতা এবং তুমুল জনপ্রিয়তা। স্বাধীনতা পরবর্তী বাঙালি জাতিকে হুমায়ুন আহমেদ উপহার দিয়েছেন তাঁর অসামান্য বই, নাটক এবং চলচ্চিত্র। চলচ্চিত্রের বদৌলতে মানুষকে করেছেন হলমুখী, তৈরি করে গেছেন বিশাল পাঠকশ্রেণীও। তাঁর নির্মিত প্রথম চলচ্চিত্র ‘আগুনের পরশমনি’ দেখতে দর্শকের ঢল নামে। এছাড়া শ্যামল ছায়া, শ্রাবণ মেঘের দিন, দুই দুয়ারী, চন্দ্রকথা, ঘেটুপুত্র কমলা প্রভৃতি চলচ্চিত্র সুধীজনের প্রশংসা পেয়েছে। অনন্য কীর্তি হিসেবে আছে তাঁর নাটকগুলো। এইসব দিনরাত্র, বহুব্রীহি, আজ রবিবার, কোথাও কেউ নেই, অয়োময়ো আজও নিন্দিত দর্শকমনে। হিমু, মিসির আলি, শুভ্রর মতো চরিত্রের জনক তিনি। রচনা করেছেন নন্দিত নরকে, শঙ্খনীল কারাগার, জোছনা ও জননীর গল্পের মতো সব মাস্টারপিস। শিশুতোষ গ্রন্থ, মুক্তিযুদ্ধ বিষয়ক রচনা, বৈজ্ঞানিক কল্পকাহিনী মিলিয়ে হুমায়ূন আহমেদ এর বই সমূহ এর পাঠক সারাবিশ্বে ছড়িয়ে আছে। হুমায়ূন আহমেদ এর বই সমগ্র পৃথিবীর নানা ভাষায় অনূদিতও হয়েছে। সৃজনশীল কর্মকাণ্ডের মাধ্যমে অর্জন করেছেন বাংলা একাডেমি পুরস্কার (১৯৮১), একুশে পদক (১৯৯৪), হুমায়ুন কাদির স্মৃতি পুরস্কার (১৯৯০), লেখক শিবির পুরস্কার (১৯৭৩), মাইকেল মধুসূধন দত্ত পুরস্কার (১৯৮৭), জাতীয় চলচ্চিত্র পুরস্কার (১৯৯৩ ও ১৯৯৪), বাচসাস পুরস্কার (১৯৮৮), শিশু একাডেমি পুরস্কার, জয়নুল আবেদীন স্বর্ণপদকসহ নানা সম্মাননা। হুমায়ূন আহমেদ এর বই, চলচ্চিত্র এবং অন্যান্য রচনা দেশের বাইরেও মূল্যায়িত হয়েছে৷ ১৯৪৮ সালের ১৩ই নভেম্বর, তৎকালীন পূর্ব পাকিস্তানে, নেত্রকোনা জেলার কেন্দুয়া উপজেলায় কুতুবপুরে পীরবংশে জন্মগ্রহণ করেন হুমায়ূন আহমেদ। কোলন ক্যান্সারে আক্রান্ত হয়ে দীর্ঘদিন চিকিৎসাধীন থাকার পর নিউ ইয়র্কের ম্যানহাটনের বেলভ্যু হাসপাতালে তিনি ইহলোক ত্যাগ করেন। গাজীপুরে তাঁর প্রিয় নুহাশ-পল্লীতে তাঁকে সমাহিত করা হয়।</span></p>', '2025-01-18 23:53:26', '2025-01-18 23:53:26'),
(2, 'বিভূতিভূষণ বন্দ্যোপাধ্যায়', 1, 'upload/author-images/bivuti.jpg', '<p><span style=\"color: rgb(102, 102, 102); font-family: Lato, sans-serif, SiyamRupali; font-size: 15px; font-style: normal; font-variant-ligatures: normal; font-variant-caps: normal; font-weight: 400; letter-spacing: normal; orphans: 2; text-align: left; text-indent: 0px; text-transform: none; widows: 2; word-spacing: 0px; -webkit-text-stroke-width: 0px; white-space: normal; background-color: rgb(255, 247, 234); text-decoration-thickness: initial; text-decoration-style: initial; text-decoration-color: initial; display: inline !important; float: none;\">বাংলা সাহিত্যের অন্যতম পথিকৃৎ বিভূতিভূষণ বন্দ্যোপাধ্যায় বেশ কিছু কালজয়ী উপন্যাস রচনার মাধ্যমে জয় করে নিয়েছেন বাংলা ভাষাভাষী পাঠকদের হৃদয়। শুধু উপন্যাসই নয়, এর পাশাপাশি তিনি রচনা করেছেন বিভিন্ন ছোটগল্প, ভ্রমণকাহিনী, দিনলিপি ইত্যাদি। প্রখ্যাত এই সাহিত্যিক ১৮৯৪ সালের ১২ সেপ্টেম্বর ভারতের পশ্চিমবঙ্গের চব্বিশ পরগণা জেলায় জন্মগ্রহণ করেন, তবে তাঁর পৈতৃক নিবাস ছিল যশোর জেলায়। অত্যন্ত মেধাবী ছাত্র হিসেবে তিনি শিক্ষাজীবন অতিবাহিত করেন, যার প্রমাণ পাওয়া যায় তাঁর প্রথম বিভাগে এনট্রান্স ও আইএ পাশ করার মাধ্যমে। এমনকি তিনি কলকাতার রিপন কলেজ থেকে ডিস্টিংশনসহ বিএ পাশ করেন। সাহিত্য রচনার পাশাপশি তিনি শিক্ষকতার মাধ্যমে কর্মজীবন অতিবাহিত করেন। বিভূতিভূষণ বন্দ্যোপাধ্যায় এর বই সমূহ এর মধ্যে সবচেয়ে বিখ্যাত হলো \'পথের পাঁচালী\', যা দেশ ছাড়িয়ে বিদেশের মাটিতেও ব্যাপক জনপ্রিয়তা লাভ করেছে বিভিন্ন ভাষায় অনূদিত হওয়ার মাধ্যমে। এই উপন্যাস অবলম্বনে চলচ্চিত্র নির্মাণ করে প্রখ্যাত চলচ্চিত্রকার সত্যজিৎ রায় অর্জন করেছেন অশেষ সম্মাননা। বিভূতিভূষণ বন্দ্যোপাধ্যায় এর বই এর মধ্যে আরো উল্লেখযোগ্য কয়েকটি হলো \'আরণ্যক\', \'অপরাজিত\', \'ইছামতি\', \'আদর্শ হিন্দু হোটেল\', \'দেবযান\' ইত্যাদি উপন্যাস, এবং \'মৌরীফুল\', \'কিন্নর দল\', \'মেঘমল্লার\' ইত্যাদি গল্পসংকলন। ১০ খণ্ডে সমাপ্ত ‘বিভূতি রচনাবলী’ হলো বিভূতিভূষণ বন্দ্যোপাধ্যায় এর বই সমগ্র, যেখানে প্রায় সাড়ে ছ’হাজার পৃষ্ঠায় স্থান পেয়েছে তার যাবতীয় রচনাবলী। খ্যাতিমান এই সাহিত্যিক ১৯৫০ সালের ১ নভেম্বর বিহারের ঘাটশিলায় মৃত্যুবরণ করেন। সাহিত্যে অসামান্য অবদানের জন্য তিনি মরণোত্তর \'রবীন্দ্র পুরস্কারে\' ভূষিত হন।</span></p>', '2025-01-19 00:41:45', '2025-01-19 00:41:45'),
(3, 'শিবরাম চক্রবর্তী', 1, 'upload/author-images/e783de800_3302.jpg', '<div class=\"browse__meta--author-description\"> <h4 class=\"title\">শিবরাম চক্রবর্তী</h4> <p class=\"content js--browse__meta--description\">তিনি\r\n জন্মগ্রহণ করেছেন ১৩ ডিসেম্বর, ১৯০৩ ( বাংলা,১৩১০-এর ২৭ অগ্রহায়ণ)। \r\nপ্রখ্যাত বাঙালি রম্যলেখক। কবিতা-রচনা দিয়ে সাহিত্য-জীবনের শুরু।প্রথম \r\nকবিতা বেরোয় ভারতী পত্রিকায়। প্রথম প্রকাশিত বই দুটিও -- \'মানুস\' ও \r\n\'চুম্বন\' -- কবিতার। দুটিই প্রকাশিত হয় ১৯২৯ সালে। তারপর অজস্র লেখা \r\nলিখেছেন। প্রবন্ধ, নাটক এবং তুলনাহীন অজস্র হাসির গল্প। লিখেছেন ঈশ্বর \r\nপৃথিবী ভালবাসা ও ভালবাসা পৃথিবী ঈশ্বর নামের অনন্য স্মৃতিকথামূূলক দূটি \r\nবই। প্রবন্ধের বই : মস্কো বনাম পন্ডিচেরি ও ফানুস ফাটাই। নাটকের গ্রন্থ : \r\nযখন তারা কথা বলবে। বিচিত্র জীবন ছিল তার। রাজনীতি করেছেন, জেল খেটেছেন, \r\nরাস্তায় কাগজ ফেরি করেছেন, ফুটপাথে রাত্রিবাস করেছেন, সাংবাদিকতা করেছেন, \r\nআজীবন মেস-জীবন যাপন করেছেন । করেন নি যা, তা হল বিয়ে।</p> </div><p></p>', '2025-01-29 23:34:23', '2025-01-29 23:34:23'),
(4, 'শিবব্রত বর্মন', 1, 'upload/author-images/87e707e39_2298.jpg', '<div class=\"browse__meta--author-description\"> <h4 class=\"title\">শিবব্রত বর্মন</h4> <p class=\"content js--browse__meta--description\">জন্ম\r\n ১৯৭৩, ডােমার, নীলফামারী। বিচিত্র বিষয়ে লেখালেখি করলেও প্রধান ঝোক \r\nগল্প-উপন্যাসে। প্রথম বই ছায়াহীন বেরিয়েছিল ২০০৯ সালে । \r\nবিজ্ঞান-কল্পকাহিনি ও রহস্যকাহিনি লিখতে স্বাচ্ছন্দ্য বােধ করেন। \r\nসাংবাদিকতা পেশায় যুক্ত ।</p> </div><p></p>', '2025-01-29 23:53:25', '2025-01-29 23:53:25'),
(5, 'মুহম্মদ জাফর ইকবাল', 1, 'upload/author-images/prothomalo_import_media_2014_10_16_101dc69f042ee1187437e87a6a1b8ef2-15.webp', '<p>মুহম্মদ জাফর ইকবাল (জন্ম: ২৩ ডিসেম্বর ১৯৫২) হলেন একজন <a href=\"https://bn.wikipedia.org/wiki/%E0%A6%AC%E0%A6%BE%E0%A6%82%E0%A6%B2%E0%A6%BE%E0%A6%A6%E0%A7%87%E0%A6%B6\" title=\"বাংলাদেশ\">বাংলাদেশী</a> কথাসাহিত্যিক ও <a href=\"https://bn.wikipedia.org/wiki/%E0%A6%AC%E0%A6%BF%E0%A6%9C%E0%A7%8D%E0%A6%9E%E0%A6%BE%E0%A6%A8_%E0%A6%95%E0%A6%B2%E0%A7%8D%E0%A6%AA%E0%A6%95%E0%A6%BE%E0%A6%B9%E0%A6%BF%E0%A6%A8%E0%A7%80\" title=\"বিজ্ঞান কল্পকাহিনী\">বিজ্ঞান কল্পকাহিনী</a> লেখক, কলাম লেখক, পদার্থবিদ, শিক্ষাবিদ ও আন্দোলনকর্মী। তিনি <a href=\"https://bn.wikipedia.org/wiki/%E0%A6%93%E0%A6%AF%E0%A6%BC%E0%A6%BE%E0%A6%B6%E0%A6%BF%E0%A6%82%E0%A6%9F%E0%A6%A8_%E0%A6%AC%E0%A6%BF%E0%A6%B6%E0%A7%8D%E0%A6%AC%E0%A6%AC%E0%A6%BF%E0%A6%A6%E0%A7%8D%E0%A6%AF%E0%A6%BE%E0%A6%B2%E0%A6%AF%E0%A6%BC\" title=\"ওয়াশিংটন বিশ্ববিদ্যালয়\">ওয়াশিংটন বিশ্ববিদ্যালয়</a>\r\n থেকে পিএইচডি ডিগ্রি লাভ করেন। ক্যলিফোর্নিয়া ইন্সটিটিউট অব টেকনলজি ও \r\nবেল কমিউনিকেশনস রিসার্চে ১৮ বছর কাজ করার পর তিনি বাংলাদেশে ফিরে আসেন ও \r\n১৯৯৪ সালের ডিসেম্বরে <a href=\"https://bn.wikipedia.org/wiki/%E0%A6%B6%E0%A6%BE%E0%A6%B9%E0%A6%9C%E0%A6%BE%E0%A6%B2%E0%A6%BE%E0%A6%B2_%E0%A6%AC%E0%A6%BF%E0%A6%9C%E0%A7%8D%E0%A6%9E%E0%A6%BE%E0%A6%A8_%E0%A6%93_%E0%A6%AA%E0%A7%8D%E0%A6%B0%E0%A6%AF%E0%A7%81%E0%A6%95%E0%A7%8D%E0%A6%A4%E0%A6%BF_%E0%A6%AC%E0%A6%BF%E0%A6%B6%E0%A7%8D%E0%A6%AC%E0%A6%AC%E0%A6%BF%E0%A6%A6%E0%A7%8D%E0%A6%AF%E0%A6%BE%E0%A6%B2%E0%A6%AF%E0%A6%BC\" title=\"শাহজালাল বিজ্ঞান ও প্রযুক্তি বিশ্ববিদ্যালয়\">শাহজালাল বিজ্ঞান ও প্রযুক্তি বিশ্ববিদ্যালয়ে</a> <a href=\"https://bn.wikipedia.org/wiki/%E0%A6%95%E0%A6%AE%E0%A7%8D%E0%A6%AA%E0%A6%BF%E0%A6%89%E0%A6%9F%E0%A6%BE%E0%A6%B0_%E0%A6%AC%E0%A6%BF%E0%A6%9C%E0%A7%8D%E0%A6%9E%E0%A6%BE%E0%A6%A8_%E0%A6%93_%E0%A6%AA%E0%A7%8D%E0%A6%B0%E0%A6%95%E0%A7%8C%E0%A6%B6%E0%A6%B2\" title=\"কম্পিউটার বিজ্ঞান ও প্রকৌশল\">কম্পিউটার বিজ্ঞান ও প্রকৌশল</a> বিভাগে <a href=\"https://bn.wikipedia.org/wiki/%E0%A6%85%E0%A6%A7%E0%A7%8D%E0%A6%AF%E0%A6%BE%E0%A6%AA%E0%A6%95\" title=\"অধ্যাপক\">অধ্যাপক</a> হিসেবে যোগদান করেন<a href=\"https://bn.wikipedia.org/wiki/%E0%A6%AE%E0%A7%81%E0%A6%B9%E0%A6%AE%E0%A7%8D%E0%A6%AE%E0%A6%A6_%E0%A6%9C%E0%A6%BE%E0%A6%AB%E0%A6%B0_%E0%A6%87%E0%A6%95%E0%A6%AC%E0%A6%BE%E0%A6%B2#cite_note-sustprofile-1\">[১]</a> এবং ২০১৮ সালের জানুয়ারি পর্যন্ত একই বিশ্ববিদ্যালয়ের <a href=\"https://bn.wikipedia.org/wiki/%E0%A6%A4%E0%A6%A1%E0%A6%BC%E0%A6%BF%E0%A7%8E_%E0%A6%95%E0%A7%8C%E0%A6%B6%E0%A6%B2\" class=\"mw-redirect\" title=\"তড়িৎ কৌশল\">তড়িৎ কৌশল</a> বিভাগের প্রধান হিসেবে দায়িত্বপ্রাপ্ত ছিলেন। ২০১৮ সালে ৩ অক্টোবর তিনি অবসরে যান।<a href=\"https://bn.wikipedia.org/wiki/%E0%A6%AE%E0%A7%81%E0%A6%B9%E0%A6%AE%E0%A7%8D%E0%A6%AE%E0%A6%A6_%E0%A6%9C%E0%A6%BE%E0%A6%AB%E0%A6%B0_%E0%A6%87%E0%A6%95%E0%A6%AC%E0%A6%BE%E0%A6%B2#cite_note-2\" title=\"\">[২]</a>\r\n তিনি বিভিন্ন গল্প, উপন্যাস, বৈজ্ঞানিক কল্পকাহিনী লিখেছন। তার লেখা কিছু \r\nউপন্যাস চলচ্চিত্রে রূপায়িত হয়েছে। তাকে বাংলাদেশের অন্যতম শীর্ষ \r\nস্থানীয় বিজ্ঞান কল্পকাহিনী লেখক হিসেবে বিবেচনা করা হয়।\r\n</p>', '2025-01-30 00:07:14', '2025-01-30 00:08:35'),
(6, 'মুহাম্মদ যাইনুল আবিদীন', 1, 'upload/author-images/b2b08bde4_11848.jpg', '<div class=\"browse__meta--author-description\"> <h4 class=\"title\">মুহাম্মদ যাইনুল আবিদীন</h4> <p class=\"content js--browse__meta--description\">মুহাম্মদ\r\n যাইনুল আবিদীন জন্ম ২০ নভেম্বর ১৯৬৭, মুন্সীগঞ্জ দাওরায়ে হাদীস ও আরবি \r\nসাহিত্যে উচ্চতর ডিগ্রি, দারুল উলুম দেওবন্দ পেশা : শিক্ষকতা প্রিয় শহর : \r\nমক্কা মুকাররামা ও মদীনা মুনাওয়ারা। উল্লেখযােগ্য মৌলিক গ্রন্থ ত্রিভুবনের\r\n প্রিয় মুহমদ (সা.), ভয়-স্বপ্ন সংগ্রাম, নারীর শত্রু মিত্র, সাহসের গল্প,\r\n সাহিত্যের ক্লাস, বক্তৃতার ক্লাস, ইসলামে জীবিকার নিরাপত্তা, ভুবনজয়ী \r\nনারী, শহীদানের গল্প শােন (১-৩), তােমার অলৌকিকতায় আজো অবাক পৃথিবী, ইসলাম\r\n একালের ধর্ম, আকাশে অঙ্কিত নাম। অনূদিত গ্রন্থ কুরআন অধ্যয়নের মূলনীতি, \r\nতাজা ঈমানের ডাক, হালাল হারাম, আমেরিকান নওমুসলিমদের ঈমানদীপ্ত কাহিনী, \r\nইসলাম একমাত্র জীবনবিধান, হাদীসের দর্পণে আমাদের কাল, মানবতার নবী, আলােকিত\r\n নারী, দেশে দেশে, ইসলাম ও ফ্যাশনের সংঘাত, নির্বাচিত বয়ান (১-২), ভারতীয়\r\n নওমুসলিমদের ঈমান জাগানিয়া সাক্ষাৎকার, আল্লাহকে যদি পেতে চাও প্রভৃতি। </p> </div><p></p>', '2025-01-30 00:26:38', '2025-01-30 00:26:38'),
(8, 'জুলিয়ান', 1, 'upload/author-images/870f92e59_72147.jpg', '<p>জুলিয়ান</p>', '2025-02-22 13:39:01', '2025-02-22 13:39:01'),
(9, 'দিবাকর দাস', 1, 'upload/author-images/images.jpeg', '<p>দিবাকর দাস</p>', '2025-02-22 13:47:54', '2025-02-22 13:47:54'),
(10, 'আবদুল্লাহ আবু সায়ীদ', 1, 'upload/author-images/3fea3d7dfc64_5905.jpg', '<h4 class=\"title\" style=\"margin-bottom: 0.5rem; color: rgb(51, 51, 51); font-family: Lato, sans-serif, SiyamRupali; line-height: 1.2; font-size: 17px; letter-spacing: normal; background-color: rgb(255, 247, 234); user-select: initial !important;\">আবদুল্লাহ আবু সায়ীদ</h4><p class=\"content js--browse__meta--description\" style=\"margin-bottom: 0px; color: rgb(102, 102, 102); font-family: Lato, sans-serif, SiyamRupali; letter-spacing: normal; background-color: rgb(255, 247, 234); user-select: initial !important;\">বিশিষ্ট শিক্ষাবিদ ও গণমাধ্যম ব্যক্তিত্ব আবদুল্লাহ আবু সায়ীদ একইসাথে একজন খ্যাতিমান সাহিত্যিকও। আর সমাজ সংস্কারের বিভিন্ন বিষয়ের সাথে জড়িয়ে থাকায় একজন সমাজ সংস্কারক হিসেবেও পরিচয় লাভ করেছেন তিনি। এই বিশিষ্ট ব্যক্তিত্ব কলকাতার পার্ক সার্কাসে ১৯৩৯ সালে জন্মগ্রহণ করেন, তবে তাঁর পৈতৃক নিবাস বাগেরহাট জেলার কামারগাতি গ্রাম। পাবনা জিলা স্কুল থেকে তিনি মাধ্যমিক এবং বাগেরহাটের প্রফুল্লচন্দ্র কলেজ থেকে উচ্চ মাধ্যমিক পাশ করেন। এরপর উচ্চশিক্ষার্থে তিনি ঢাকা বিশ্ববিদ্যালয়ের বাংলা বিভাগে ভর্তি হন এবং পরবর্তীতে এখান থেকেই স্নাতক ও স্নাতকোত্তর ডিগ্রি অর্জন করেন। কর্মজীবনে একজন শিক্ষক হিসেবে তিনি বিশেষ খ্যাতি অর্জন করেন। ঢাকা কলেজ, রাজশাহী কলেজসহ বিভিন্ন কলেজে তিনি অধ্যাপনা করেছেন। টেলিভিশনে বিভিন্ন অনুষ্ঠান উপস্থাপনার মাধ্যমে টেলিভিশন ব্যক্তিত্ব হিসেবেও আত্মপ্রকাশ করেন তিনি। আর ষাটের দশকে বাংলাদেশে সাহিত্যের এক নতুন ধারা সৃষ্টির আন্দোলনে নেতৃত্ব দেন তিনি তাঁর সাহিত্যকর্মের মাধ্যমে, এবং একইসাথে \'কণ্ঠস্বর\' নামক একটি সাহিত্য পত্রিকা সম্পাদনা করে নতুন ঐ সাহিত্যযাত্রাকে করেছিলেন সংহত ও বেগবান। শুধু তা-ই নয়, দেশের মানুষের মাঝে বই পড়ার অভ্যাস গড়ে তুলে তাদের মাঝে জ্ঞান ও শিক্ষার আলো ছড়িয়ে দিয়ে তাদের আলোকিত মানুষ হিসেবে গড়ে তুলতে ১৯৭৮ সালে তিনি প্রতিষ্ঠা করেন \'বিশ্বসাহিত্য কেন্দ্র\', যা চল্লিশ বছরেরও অধিক সময় ধরে কাজ করে যাচ্ছে এই লক্ষ্যে। আবদুল্লাহ আবু সায়ীদ এর বই সমূহ এই ব্যাপারে বিশেষ অবদান রেখেছে। আবদুল্লাহ আবু সায়ীদ এর বই সমগ্র এর মধ্যে \'ভাঙো দুর্দশার চক্র\', \'আমার বোকা শৈশব\', \'নদী ও চাষীর গল্প\', \'ওড়াউড়ির দিন\', \'অন্তরঙ্গ আলাপ\', \'স্বপ্নের সমান বড়\', \'উপদেশের কবিতা\', \'অপ্রস্তুত কলাম\' ইত্যাদি উল্লেখযোগ্য। সাহিত্য, শিক্ষা ও সমাজ সংস্কারে অবদানের স্বীকৃতিস্বরূপ তিনি \'বাংলা একাডেমি পুরস্কার\', \'একুশে পদক\', \'র‍্যামন ম্যাগসেসে পুরস্কার\' ইত্যাদি সম্মাননায় ভূষিত হয়েছেন।</p>', '2025-02-22 13:54:47', '2025-02-22 13:54:47'),
(11, 'সলিমুল্লাহ খান', 1, 'upload/author-images/544b7194e_976.jpg', '<h4 class=\"title\" style=\"margin-bottom: 0.5rem; color: rgb(51, 51, 51); font-family: Lato, sans-serif, SiyamRupali; line-height: 1.2; font-size: 17px; letter-spacing: normal; background-color: rgb(255, 247, 234);\">সলিমুল্লাহ খান</h4><p class=\"content js--browse__meta--description\" style=\"margin-bottom: 0px; color: rgb(102, 102, 102); font-family: Lato, sans-serif, SiyamRupali; letter-spacing: normal; background-color: rgb(255, 247, 234);\">সলিমুল্লাহ খান ‘ইউনিভার্সিটি অব লিবারেল আর্টস বাংলাদেশ’ নামক বিশ্ববিদ্যালয়ের শিক্ষক। তাঁহার কীর্তির মধ্যে গণ্য: আহমদ ছফা সঞ্জীবনী, আ মরি আহমদ ছফা: বিষয় বাঙালি মুসলমানের মন, প্রার্থনা, ঠাকুরের মাৎস্যন্যায়: ভাষা-শিক্ষায় সাম্প্রদায়িকতা, আদমবোমা, স্বাধীনতা ব্যবসায় এবং Silence: On crimes of power। সম্পাদিত গ্রন্থ ও পত্রপত্রিকার মধ্যে: বেহাত বিপ্লব ১৯৭১, গরিবের রবীন্দ্রনাথ, আহমদ ছফার স্বদেশ, প্রাক্সিস জর্নাল, রাষ্ট্রসভা পত্রমালা, অর্থ: আহমদ ছফা রাষ্ট্রসভা পত্রমালা এবং Apostrophe: Working Papers of the Center for Advanced Theory। অনূদিত গ্রন্থের মধ্যে: উহারা বাতাসে: পেন্টি সারিকস্কির কবিতা ১৯৫৮-১৯৮০, আল্লাহর বাদশাহি: ডরোথি জুল্লের নির্বাচিত কবিতা এবং সক্রাতেসের তিন বাগড়া।</p>', '2025-02-23 22:56:30', '2025-02-23 22:56:30');

-- --------------------------------------------------------

--
-- Table structure for table `books`
--

CREATE TABLE `books` (
  `id` bigint(20) UNSIGNED NOT NULL,
  `category_id` int(11) NOT NULL,
  `sub_category_id` int(11) NOT NULL,
  `publisher_id` int(11) NOT NULL,
  `author_id` int(11) NOT NULL,
  `language_id` int(11) NOT NULL,
  `book_series_id` int(11) NOT NULL,
  `name` varchar(255) NOT NULL,
  `code` varchar(255) NOT NULL,
  `regular_price` double NOT NULL,
  `selling_price` double NOT NULL,
  `discount` int(11) NOT NULL DEFAULT 0,
  `stock` int(11) NOT NULL DEFAULT 0,
  `status` tinyint(4) NOT NULL DEFAULT 1,
  `short_description` text DEFAULT NULL,
  `long_description` longtext DEFAULT NULL,
  `meta_title` text DEFAULT NULL,
  `meta_description` text DEFAULT NULL,
  `tags` longtext CHARACTER SET utf8mb4 COLLATE utf8mb4_bin DEFAULT NULL CHECK (json_valid(`tags`)),
  `pages` int(11) DEFAULT NULL,
  `published_date` date DEFAULT NULL,
  `book_format` tinyint(4) NOT NULL,
  `isbn` varchar(255) DEFAULT NULL,
  `image` text NOT NULL,
  `hit_count` int(11) NOT NULL DEFAULT 0,
  `sales_count` int(11) NOT NULL DEFAULT 0,
  `feature_status` tinyint(4) NOT NULL DEFAULT 0,
  `created_at` timestamp NULL DEFAULT NULL,
  `updated_at` timestamp NULL DEFAULT NULL
) ENGINE=InnoDB DEFAULT CHARSET=utf8mb4 COLLATE=utf8mb4_unicode_ci;

--
-- Dumping data for table `books`
--

INSERT INTO `books` (`id`, `category_id`, `sub_category_id`, `publisher_id`, `author_id`, `language_id`, `book_series_id`, `name`, `code`, `regular_price`, `selling_price`, `discount`, `stock`, `status`, `short_description`, `long_description`, `meta_title`, `meta_description`, `tags`, `pages`, `published_date`, `book_format`, `isbn`, `image`, `hit_count`, `sales_count`, `feature_status`, `created_at`, `updated_at`) VALUES
(1, 1, 4, 1, 1, 1, 0, 'দেয়াল', 'HAD001', 450, 338, 25, 10, 1, '‘ভাদ্র মাসের সন্ধা। আকাশে মেঘ আছে। লালচে রঙের মেঘ। যে মেঘে বৃষ্টি হয় না, তবে দেকায় অপূর্ব। এই গাঢ় লাল, এই হালকা হলুদ, আবার চোখের নিমিষে লালের সঙ্গে খয়েরি ম...', '<div class=\"summary-description active\" id=\"js--summary-description\"> <b>ফ্ল্যাপে লিখা কথা</b><br> ‘ভাদ্র মাসের সন্ধা। আকাশে মেঘ আছে। লালচে রঙের মেঘ। যে মেঘে বৃষ্টি হয় না, তবে দেকায় অপূর্ব। এই গাঢ় লাল, এই হালকা হলুদ, আবার চোখের নিমিষে লালের সঙ্গে খয়েরি মিশে সম্পূর্ণ অন্য রঙ। রঙের খেলা যিনি খেলছেন মনে হয় তিনি সিদ্ধান্তহীনতায় ভুগছেন।’<br><br> এভাবেই সূচনা ঘটেছে হুমাযূন আহমেদের চার দশকের বর্ণময় লেখকজীবনের শেষ উপন্যাস ‘দেয়াল’- এর। ২০১১ সালের মাঝামাঝিতে ‘দেয়াল’ রচনা শুরু করেছিলেন তিনি। সে-সময় উপন্যাসের পাঁচটি পর্ব ধারাবাহিকভাবে ‘অন্যদিন’-এর প্রকাশিত হয়। এরপর বেশ কিছুদিন বিরতির পর যুক্তরাষ্ট্রে তাঁর ক্যানসার চিকিৎসা চলাকালে নতুন করে ‘দেয়াল’ রচনায় মনোনিবেশ করেন তিনি, যদিও শেষ পর্যন্ত উপন্যাসটির চূড়ান্ত রূপ দেয়ার সুযোগ পান নি।<br><br> সূচনা-অনুচ্ছেদে আকাশের রঙবদলের খেয়ায় যে সিদ্ধান্তহীনতার কথা বলা হচ্ছে তা বিশেষ ইঙ্গিতবহ। যে সময়কে উপজীব্য করা হয়েছে ‘দেয়াল’-এ, তা একটি সদ্যস্বাধীন জাতির ভাগ্যকাশের চরম অনিশ্চয়তার কাল। উপন্যাসের কিছু চরিত্র বাস্তব থেকে নেওয়া, নাম-ধাম সবই বাস্তব, ঘটনা-পরস্পরাও বাস্তবেরই অংশ। লেখক যেহেতু উপন্যাস লিখেছেন, তাই আছে কিছু কাল্পনিক চরিত্র। গল্প আবর্তিত হয়েছে এদের ঘিরেও।<br><br> নানা ঘটনার ঘনঘটায় ঢাকা পড়ে নি জীবনসৌন্দর্য আর জীবন-সত্যের সন্ধান। ইতিহাসের সত্য আর লেখকের সৃজনী ভাবন্য-দুইয়ে মিলে ‘দেয়াল’ পরিণত হয়েছে একটি হৃদয়গ্রাহী উপাখ্যানে।<br><br> <b>ভূমিকা</b><br> হুমায়ূন আহমেদের অবর্তমানে তার উপন্যাস দেয়াল প্রকাশিত হতে যাচ্ছে। প্রকাশকের ইচ্ছায় আমি তার ভূমিকা লিখছি। বইটির যে কোনো ভূমিকার প্রয়োজন ছিল, আমার তা মনে হয় না।<br><br> গ্রন্থাকারে প্রকাশিত হওয়ার আগেই দেয়াল নিয়ে বিতর্ক দেখা দিয়েছে। বিষয়টা আদালত পর্যন্ত গড়িয়েছে। হাইকোর্টের পরামর্শ-অনুযায়ী লেখক উপন্যাসটির প্রথম প্রকাশিত রূপের পরিবর্তন সাধন করেছেন। গ্রন্থাকারে সেই পরিবর্তিত রূপই প্রকাশ পেতে যাচ্ছে। তারপরও আমার মনে হয়, দেয়াল বিতর্কিত থেকে যাবে।<br><br> বইটিতে দুটি আখ্যান সমান্তরালে চলেছে। প্রথমটি অবন্তি নামে এক চপলমতি ও প্রচলবিরোধী মেয়ের কাহিনি। তার বাবা নিরুদ্দিষ্ট। স্বামীর সঙ্গে সম্পর্ক ত্যাগ করে মা ইসাবেলা স্বদেশ স্পেনে চলে গেছেন। এই দম্পতির কেউ যে সাধারণ বিচারে স্বাভাবিক, তা মনে হয় না। অবন্তি ঢাকা ঢাকায় বাস করে পিতামহ সরফরাজ খানের সঙ্গে- তিনি রক্ষণশীল এবং খেয়ালি- অবন্তিতে লেখা তার মায়ের চিঠি আগে গোপনে খুলে পড়েন, অবন্তির শিক্ষক শফিকের ওপর নজরদারি করেন এবং আরও অনেক কিছু করেন। মুক্তিযুদ্ধের সময় নিরাপত্তার খোঁজে ঢাকা ছেড়ে গ্রামে যান, সেখানেও টিকতে না পেরে আশ্রয় নেন এক পীরের বাড়িতে। এক পাকিস্তানি সেনা-কর্মকর্তা অবন্তিকে দেখে ফেলে বিয়ে করতে চায়। বিপদ থেকে উদ্ধার পেতে পীর নিজের ছেলের সঙ্গে অবন্তির বিয়ে দিয়ে দেন। অবন্তি এ-বিয়ে মেনে নেয় না বটে, কিন্তু হাফেজ জাহাঙ্গীরের সঙ্গে যোগাযোগ ছিন্ন করে না। তা নিয়ে কিছু জটিলতার সৃষ্টি হয়।<br><br> সরফরাজ খানের পুত্রের বন্ধুদের একজন মেজর জেনারেল খালেদ মোশাররফ। এ-বাড়িতে তাঁর আসা-যাওয়া আছে। তাঁর সূত্রে কর্নেল তাহেরও এখানে এসেছেন। এভাবেই প্রথম আখ্যানের সঙ্গে দ্বিতীয় আখ্যানের যোগ সাধিত হয়।<br><br> দ্বিতীয় আখ্যানটি সূচিত হয় মেজর ফারুকের বঙ্গবন্ধু হত্যার পরিকল্পনা নিয়ে। এই পরিকল্পনায় ফারুক ও মেজর রশীদ মেজর জেনারেল জিয়াউর রহমান ও ওসমানীকে জড়িত করে। পরিকল্পনায় ফারুক ও মেজর রশীদ মেজর জেনারেল জিয়াউর রহমান ও খালেদ মোশাররফের অভ্যুত্থান, কারাগারে চার নেতা হত্যা, কর্নেল তাহেরের নেতৃত্বে সিপাহী-জনতার বিপ্লব, জিয়াউর রহমানের মুক্তিলাভ ও ক্ষমতাগ্রহণ, খালেদ মোশাররফ ও কর্নেল হুদার হত্যা এবং তাহেরের ফাঁসিতে উপাখ্যানের সমাপ্তি। তারপরও লেখক দ্রুত ঘটনা বলে গেছেন, উপন্যাসের সমাপ্তি হয়েছে জিয়ার হত্যাকাণ্ডে।<br><br> আমাদের জাতীয় ইতিহাসের এসব শোকাবহ পর্বের বর্ণনায় যে-পরিসর ও ব্যাখ্যা বিশ্লেষণের প্রয়োজন ছিল, বইতে তা দেওয়া হয় নি। বঙ্গবন্ধুর শাসনকালে অনুবস্ত্রের অভাব এবং রক্ষী বাহিনীর অত্যাচার ও তাদের প্রতি সর্বসাধারণের ক্ষোভ ও ঘৃণার কথা উল্লেখ করা হয়েছে। শেখ মুজিবকে বঙ্গপিতা, মহামানব ও বঙ্গবন্ধু বলা হলেও মৃত্যুতে তিনি লেখকের অতটা সহানুভূতি লাভ করেননি যতটা পেয়েছেন তাঁর পরিবারের শিশু ও নারীরা। বঙ্গবন্ধু-হত্যায় মানুষের মধ্যে থেকে যে প্রবল প্রতিবাদ হলো না, বরঞ্চ কোথাও কোথাও আনন্দ-মিছিল হলো, এতে লেখক বিস্মিত (কাদের সিদ্দিকীর প্রতিবাদ সম্পর্কে হুমায়ূনের মন্তব্য : ‘ভারতে তিনি ‘কাদেরিয়া বাহিনী’ তৈরি করে সীমান্তে বাংলাদেশের থানা আক্রমণ করে নিরীহ পুলিশ মারতে লাগলেন। পুলিশ বেচারারা কোনো অর্থেই বঙ্গবন্ধুর হত্যার সঙ্গে জড়িত না, বরং সবার আগে বঙ্গবন্ধুকে রক্ষা করার জন্যে তারা প্রাণ দিয়েছে।”) অবন্তির গৃহশিক্ষক শফিক- যে নিজেকে খুবই ভীতু বলে পরিচয় দেয়, সে-কিন্তু রাস্তায় দাঁড়িয়ে ‘মুজিব হত্যার বিচার চাই’ চলে স্লোগান দেয়, গ্রেপ্তার হয় এবং নিপীড়ন সহ্য করে। খন্দকার মোশতাককে এ-বইতে আমার পাই কমিক চরিত্ররূপে। ‘অসীম সাহসী মুক্তিযোদ্ধা বীর উত্তম খালেদ মোশাররফ’ এবং ‘মহাবীর কর্নেল তাহেরে’র প্রতি লেখকের শ্রদ্ধা প্রকাশ পেয়েছে এবং উপন্যাসে কর্নেল তাহেররকেও দেখি খালেদ মোশাররফের সাহসিকতা ও চরিত্রগুণের প্রশংসা করতে। জিয়াউর রহমানের আর্থিক সততার প্রশংসা আছে, জনগণের শ্রদ্ধা তিনি অর্জন করেছিলেন, তা বলা হয়েছে, সেই সঙ্গে তাঁর ক্ষমতালোভের কথা বলা হয়েছে এবং সরকারি তথ্য উদ্বৃত করে জানানো হয়েছে যে, ১৯৭৭ সালের ৯ অক্টোবর পর্যন্ত তাঁর গঠিত সামরিক আদালতের বিচারে ১১৪৩ জন সৈনিক ও অফিসারকে ফাঁসির দড়িতে ঝুলিতে হয়েছে। হুমায়ূনের মতে, এদের দীর্ঘনিশ্বাস জমা হয় চট্টগ্রামের সার্কিট হাউজে- সেখানে ‘জিয়া প্রাণ হারান তাঁর এক সময়ের সাথী জেনারেল মঞ্জুরের পাঠানো ঘাত বাহিনীর হাতে।’ এই সিদ্ধান্তের সমর্থনে বইতে কোনো তথ্য নেই, বরঞ্চ এই হত্যাকাণ্ডের পশ্চাতে মনজুরের ‘রূপবতী স্ত্রী’র প্রলয়ংকরী স্ত্রীবুদ্ধি কাজ করে থাকতে পারে বলে অনুমান করা হয়েছে। বঙ্কিমচন্দ্র যে বলেছিলেন, ‘উপন্যাস উপন্যাস-উপন্যাস ইতিহাস নহে’, সে কথা যথার্থ। তবে ইতিহাসাশ্রিত উপন্যাসে ইতিহাসের সারসত্য অবিকৃত থাকবে বলে আশা করা হয় এবং কল্পনাপ্রসূত আখ্যানেও কার্যকারণ সম্পর্কের ব্যাখ্যা প্রত্যাশিত।<br><br> দেয়াল উপন্যাসের প্রথমদিকে হুমায়ূন আহমেদ নিজের উল্লেখ করেছে প্রথম পুরুষে, শেষদিকে এসে উত্তমপুরুষে নিজের কথা সে বলে গেছে। আমরা জানতে পারি- অনেকেরই তা অজানা নয় যে- শহীদ পরিবার হিসেবে ঢাকা শহরে হুমায়ূনদের সরকারিভাবে যে বাড়ি বরাদ্দ দেওয়া হয়, রক্ষী বাহিনীর এক কর্মকর্তা তা দখল করে তাদেরকে নির্মমভাবে সেখান থেকে উচ্ছেদ করে পথে নামিয়ে দেন; হুমায়ূনের মা এবং ভাইবোনেরা শুধু চরম অপমানের শিকার হন, তা নয়, নিরাপত্তার সম্পূর্ণ অভাবে পড়েন। বিশ্ববিদ্যালয়ের তরুণ শিক্ষক হুমায়ূনকে বাকশালে যোগ দিতে চাপ দেওয়া হয় এবং চাপের কাছে নতিস্বীকার করে রসায়ন বিভাগে রেজিস্ট্রারের অফিসে এবং উপাচার্যের দপ্তরে ছোটাছুটি করেও শেষ পর্যন্ত সময় উত্তীর্ণ হওয়ার কারণে তার প্রয়াস নিষ্ফল হয়, বাকশালে যোগদান থেকে সে বেঁচেই যায় বলতে হবে। এসব ঘটনা বঙ্গবন্ধুর সরকার সম্পর্কে তার মনে বিরুপ প্রতিক্রিয়ার সৃষ্টি করে। অন্যপক্ষে কর্নেল তাহেরের ভাই আনোয়ার হোসেনের সূত্রে তাহেরের সঙ্গে সে পরিচিত হয়, তাঁর মাকে নিজের মায়ের মতো দেখতে অভ্যস্ত হয়। তাহেরের জীবনাবসান তার মনে গভীর দাগ ফেলে যায়- এতটাই যে ভারতীয় হাই কমিশনার সমর সেনকে অপহরণের পরিকল্পনাকে ‘সাহসী’ বলে ‍উপন্যাসে প্রশংসা করা হয়েছে। আমার ধারণা, হুমায়ূনের এই ব্যক্তিগত পটভূমি এই উপন্যাসের চরিত্র ও ঘটনার উপস্থাপনে তাকে প্রভাবান্বিত করেছে।<br><br> প্রথম আখ্যানেই আমরা পরিচিত হুমায়ূন আহমেদকে পাই। চরিত্রের খেয়ালিপনা, সংলাপের সংঘাত, ঘটনার আকস্মিকতা ও কার্যকারণহীনতা আমাদের সবসময়ে রহস্যময়তার দিকে আকর্ষণ করে। দ্বিতীয় আখ্যানের ঐতিহাসিকতা প্রমাণের জন্যে হুমায়ূন বইপত্র এবং মামলার কাগজপত্রের শরণাপন্ন হয়েছে। তবে তারপরও তথ্যগত ত্রুটি রয়ে গেছে। কাহিনি বলা থামিয়ে লেখক কখনো তারিখ দিয়ে মোটা দাগে ঘটনার বিবরণ লিখে গেছে। শেষে এক লাফে ছ বছর সময় পেরিয়ে উপসংহারে পৌঁছেছে।<br><br> এরই মধ্যে ছড়িয়ে আছে হুমায়ূনের স্বভাবসিদ্ধ এপিগ্রাম। সামান্য নমুনা দিই :<br> মানুষ এবং পশু শুধু যে বন্ধু খোঁজে তা না, তার প্রভুও খোঁজে।<br> এই পৃথিবীতে মূল্যবান শুধু মানুষের জীবন, আর সবই মূল্যহীন।<br> কিছু বিদ্যা মানুষের ভেতর থাকে। সে নিজেও তা জানে না।<br> যে লাঠি দিয়ে অন্ধ মানুষ পথ চলে, সেই লাঠি দিয়ে মানুষও খুন করা যায়।<br> মানবজাতির স্বভাব হচ্ছে সে সত্যের চেয়ে মিথ্যার আশ্রয়ে নিজেকে নিরাপদ মনে করে।<br><br> সমালোচক যা-ই বলুক না কেন, আমি জানি, হুমায়ূন আহমেদের অন্য বইয়ের মতো দেয়ালও পাঠকের সমাদর লাভ করবে।<br><br> আনিসুজ্জামান<br> বাংলা বিভাগ<br> ঢাকা বিশ্ববিদ্যালয় </div>', 'humayn ahmed book', 'humayn ahmed book', '[\"\\u09b8\\u09ae\\u0995\\u09be\\u09b2\\u09c0\\u09a8 \\u0989\\u09aa\\u09a8\\u09cd\\u09af\\u09be\\u09b8\",\"\\u0990\\u09a4\\u09bf\\u09b9\\u09be\\u09b8\\u09bf\\u0995\",\"\\u099c\\u09a8\\u09aa\\u09cd\\u09b0\\u09bf\\u09df\",\"\\u09ae\\u09c1\\u0995\\u09cd\\u09a4\\u09bf\\u09af\\u09c1\\u09a6\\u09cd\\u09a7\\u09ad\\u09bf\\u09a4\\u09cd\\u09a4\\u09bf\\u0995\",\"\\u09a5\\u09cd\\u09b0\\u09bf\\u09b2\\u09be\\u09b0\"]', 198, '2014-11-01', 0, '9789845021272', 'upload/book-images/deal.jpg', 0, 0, 0, '2025-01-19 00:22:33', '2025-02-09 10:07:23'),
(2, 1, 2, 2, 1, 1, 1, 'ময়ূরাক্ষী', 'HMA001', 200, 150, 25, 10, 1, 'ময়ূরাক্ষী নদীকে একবারই আমি স্বপ্নে দেখি। নদীটা আমার মনের ভেতর পুরোপুরি গাঁথা হয়ে যায়। অবাক হয়ে লক্ষ করি কোথাও বসে একটু চেষ্টা করলেই নদীটা আমি দেখতে ...', '<div class=\"summary-description active\" id=\"js--summary-description\"> <b>‘ময়ূরাক্ষী’ ফ্লাপে লেখা কথাঃ</b> ময়ূরাক্ষী নদীকে একবারই আমি স্বপ্নে দেখি। নদীটা আমার মনের ভেতর পুরোপুরি গাঁথা হয়ে যায়। অবাক হয়ে লক্ষ করি কোথাও বসে একটু চেষ্টা করলেই নদীটা আমি দেখতে পাই। তারজন্যে আমাকে কোনো কষ্ট করতে হয় না। চোখ বন্ধ করতে হয় না, কিছু না। একবার নদীটা বের করে আনতে পারলে সময় কাটানো কোনো সমস্যা নয়। ঘন্টার পর ঘন্টা আমি নদীর তীরে হাঁটি। নদীর হিম শীতল জলে পা ডুবিয়ে বসি। শরীর জুড়িয়ে যায়। ঘূঘুর ডাকে চোখ ভিজে ওঠে। </div>', 'dfsdf', 'dsfsdf', '[\"\\u09b9\\u09bf\\u09ae\\u09c1 \\u09b8\\u09bf\\u09b0\\u09bf\\u099c\",\"\\u0989\\u09aa\\u09a8\\u09cd\\u09af\\u09be\\u09b8\",\"\\u09b9\\u09c1\\u09ae\\u09be\\u09df\\u09c1\\u09a8 \\u0986\\u09b9\\u09ae\\u09c7\\u09a6\"]', 79, '2021-01-01', 0, '9844125227', 'upload/book-images/mourakki.gif', 0, 0, 0, '2025-01-19 00:39:02', '2025-01-19 00:39:02'),
(3, 1, 1, 3, 2, 1, 0, 'পথের পাঁচালী', 'BPS0001', 300, 235, 22, 10, 1, '‘পথের পাঁচালী\'-র সত্যকার বিষয়বস্তু অপুর ‘মনের আনন্দের প্রগতির ইতিহাস, তার ক্রমবর্ধমান চেতনার ইতিহাস।” এ উপন্যাসের মধ্যমণি অপু। তার উপর না...', '<div class=\"summary-description active\" id=\"js--summary-description\"> <b>\"পথেরপাঁচালী\" বইয়ের ভূমিকার লেখা: <br></b> ‘পথের পাঁচালী\'-র সত্যকার বিষয়বস্তু অপুর ‘মনের আনন্দের প্রগতির ইতিহাস, তার ক্রমবর্ধমান চেতনার ইতিহাস।” এ উপন্যাসের মধ্যমণি অপু। তার উপর নানা প্রভাব কার্যকরী হয়েছে—পিতামাতার প্রভাব, ভগিনী দুর্গার প্রভাব, পাড়া-প্রতিবেশীদের প্রভাব, এবং সর্বোপরি পল্লীপ্রকৃতির প্রভাব। ফলে তার মন ধীরে ধীরে অপরিণতি থেকে বিবর্তিত হয়ে একটা বিশিষ্ট রূপ ও রঙ অর্জন করেছে, এবং এই বিবর্তনের প্রক্রিয়াটি আনন্দের মাধ্যমেই সাধিত হয়েছে। শিশু ও বালক অপুর এই মানসিক বিবর্তনের কাহিনী পথের পাঁচালী’র প্রধান ও প্রায় একমাত্র উপজীব্য। </div>', 'fsdfs', 'dfssf', '[\"\\u09aa\\u09b6\\u09cd\\u099a\\u09bf\\u09ae\\u09ac\\u0999\\u09cd\\u0997\\u09c7\\u09b0 \\u09ac\\u0987\",\"\\u099a\\u09bf\\u09b0\\u09be\\u09df\\u09a4\",\"\\u099c\\u09a8\\u09aa\\u09cd\\u09b0\\u09bf\\u09df\",\"\\u0997\\u09cd\\u09b0\\u09be\\u09ae\\u09c0\\u09a8 \\u099c\\u09c0\\u09ac\\u09a8\"]', 192, '2014-01-01', 0, '9846580169', 'upload/book-images/pother .jpg', 0, 0, 0, '2025-01-19 00:49:13', '2025-01-19 00:49:13'),
(4, 2, 8, 4, 1, 1, 0, 'ছোটদের সেরা গল্প', 'hmssg', 250, 188, 25, 33, 1, 'শিশু-কিশোরদের জন্য হুমায়ূন আহমেদ দু’হাতে না লিখলেও প্রচুর লিখেছেন। মজার মজার সব লেখা। রহস্য, এডভেঞ্চার, ভৌতিক গল্প, সায়েন্স ফিকশান কোন কিছুই বাদ দেন নি। তাঁর স...', '<div class=\"summary-description active\" id=\"js--summary-description\"> <b>প্রকাশকের কথা</b><br> শিশু-কিশোরদের জন্য হুমায়ূন আহমেদ দু’হাতে না লিখলেও প্রচুর লিখেছেন। মজার মজার সব লেখা। রহস্য, এডভেঞ্চার, ভৌতিক গল্প, সায়েন্স ফিকশান কোন কিছুই বাদ দেন নি। তাঁর সেই সব লেখা থেকে বাছাই করা কিছু গল্প আমরা প্রকাশ করতে চেয়েছিলাম। হুমায়ূন আহমেদ আমাদের প্রস্তাবে রাজি হলেন। যখন তাঁদের বললাম গল্প বাছাই করে দিতে, তখন তিনি বললেন- আমি কি করে বলব কোনটা সেরা গল্প, কোনটা নয়? আপনি বাচ্চাদের জিজ্ঞাস করুন। ওদের মতামত দিয়ে সেরা গল্প বাছাই করুন। এই সংকলনে তাই করা হয়েছে। বেশির ভাগ ক্ষুদে পাঠক যে সব গল্পকে সেরা হিসেবে চিহ্নিত করেছে সেই সবই রাখা হয়েছে। গল্পের তালিকা লেখককে দেখানো হলে তিনি ভুরু কুঁচকে কিছুক্ষণ তাকিয়ে থেকে বললেন- আমার কিছু ভাল গল্প বাচ্চারা বাদ দিয়েছে, এর কারণ কি? আমি বললাম, আপনার পছন্দের গল্প কি ঢুকিয়ে দেব? তিনি বললেন, অবশ্যই না। শিশুদের মতে কোনটি সেরা তা আমরা ঠিক করে ওদের উপর চাপিয়ে দেব না। ওরাই ওদেরটা ঠিক করবে। তাই করা উচিত। আমরা এই সংকলনে তা করেছি।<br><br> <b>আহমেদ মাহমুদুল হক</b><br> <b>সূচিপত্র</b><br>*বোকা দৈত্য<br>*লোকটি<br>*নীল হাতি<br>*গোবর বাবু<br>*রুঁরুঁর গল্প<br>*বড় মামা এবং রাজকুমারী সুবর্ণ রেখা<br>*কানী ডাইনী<br>*আলাউদ্দিনের চেরাগ<br>*একটি ভয়ংকর অভিযানের গল্প<br>*রাণী কলাবতী </div>', 'ছোটদের সেরা গল্প', 'ছোটদের সেরা গল্প', '[\"\\u0997\\u09b2\\u09cd\\u09aa\",\"\\u09b9\\u09c1\\u09ae\\u09be\\u09df\\u09c1\\u09a8 \\u0986\\u09b9\\u09ae\\u09c7\\u09a6\\u09c7\\u09b0 \\u0997\\u09b2\\u09cd\\u09aa\",\"\\u099c\\u09a8\\u09aa\\u09cd\\u09b0\\u09bf\\u09df\"]', 103, '2015-12-01', 0, '9844100518', 'upload/book-images/ছোটদের সেরা গল্প.png', 0, 0, 0, '2025-01-29 22:32:06', '2025-01-29 23:08:52'),
(5, 2, 8, 5, 2, 1, 0, 'তালনবমী', 'tb001', 200, 130, 35, 44, 1, 'সূচি\r\n\r\n\r\n তালনবমী ..........................................০৭\r\n\r\n রঙ্কিণীদেবীর খড়্গ .................................১৫\r\n\r\n মেডেল ..........................', '<div class=\"summary-description active\" id=\"js--summary-description\"><p>সূচি</p><p><br></p><p> তালনবমী ..........................................০৭</p><p> রঙ্কিণীদেবীর খড়্গ .................................১৫</p><p> মেডেল .............................................২৫</p><p> মসলাভূত ...........................................৪০</p><p> বামা ................................................৪৮</p><p> বামাচরণের গুপ্তধন প্রাপ্তি ..........................৫৭</p><p> অরণ্যে .............................................৬৭</p><p> গঙ্গাধরের বিপদ ...................................৭৭</p><p> রাজপুত্র ............................................৮৪</p><p> চাউল ...............................................৯০</p></div>', 'তালনবমী', 'তালনবমী', '[\"\\u0997\\u09b2\\u09cd\\u09aa\",\"\\u09ac\\u09bf\\u09ad\\u09c2\\u09a4\\u09bf\\u09ad\\u09c2\\u09b7\\u09a3 \\u09ac\\u09a8\\u09cd\\u09a6\\u09cd\\u09af\\u09cb\\u09aa\\u09be\\u09a7\\u09cd\\u09af\\u09be\\u09df\\u09c7\\u09b0 \\u0997\\u09b2\\u09cd\\u09aa\",\"\\u099c\\u09a8\\u09aa\\u09cd\\u09b0\\u09bf\\u09df\",\"\\u099a\\u09bf\\u09b0\\u09be\\u09df\\u09a4 \\u0997\\u09b2\\u09cd\\u09aa\"]', 96, '2024-02-01', 1, '9789849559894', 'upload/book-images/Talonbomi-Bibhutibhusan_Bandopadhyay.jpg', 0, 0, 0, '2025-01-29 23:32:32', '2025-01-29 23:32:32'),
(6, 2, 8, 7, 3, 1, 0, 'শ্রেষ্ঠ গল্প', 'sjg99', 300, 258, 14, 25, 1, 'ছােটদের মহলে শিবরাম চক্রবর্তীর এমন সার্বিক সাফল্যের মূলমন্ত্রটি কী? তিনি বলেছেন : আমার লেখায় ছােটদের কখনই আমি ছােট বলে ধরিনি, অবােধ শ...', '<div class=\"summary-description active\" id=\"js--summary-description\"><b>\"শ্রেষ্ঠ গল্প\" বইটির সম্পর্কে কিছু কথা:<br></b> ছােটদের মহলে শিবরাম চক্রবর্তীর এমন সার্বিক সাফল্যের মূলমন্ত্রটি কী? তিনি বলেছেন : আমার লেখায় ছােটদের কখনই আমি ছােট বলে ধরিনি, অবােধ শিশু বলে গণ্য করিনি কখনও। আমার সমকক্ষ বলেই ধরেছি তাদের। বয়স্ক বন্ধুর মতন বিবেচনা করেছি। তবু শিশু-কিশােরদের জগতে শিবরামের তুমুল জনপ্রিয়তার মূলে তিনজন আলঙ্কারিকের অবদানও কিন্তু সর্বদাই মনে রাখতে হবে। তাঁরা হলেন রেবতীভূষণ, শৈল চক্রবর্তী এবং প্রফুল্লচন্দ্র লাহিড়ী। এঁদের দক্ষ তুলির বলিষ্ঠ টান একটি গুরুদায়িত্ব পালন করেছে, সকলের সঙ্গে শিবরামের পরিচয় ঘটিয়ে দিয়েছে— নধরকান্তি চেহারা, উজ্জ্বল দুটি চোখ, সেই ব্যাকব্রাশ চুল, যার অগােছালাে একটি গুচ্ছ আনমনে অথবা অবহেলায় কানের পাশে লুটাচ্ছে। দীর্ঘকাল কোনও পত্র-পত্রিকায় শিবরামের কোনও ফটো দেখা যায়নি। ক্যামেরা দেখলে তার আতঙ্ক হত, পিছিয়ে যেতেন। ক্যামেরাধারী কোনও স্বজনও তাকে ফটো তুলতে রাজি করাতে পারেনি। তাই প্রিয় লেখকের ছবি তার ভক্ত পাঠকদের মনে মােটা দাগে দেগে মূর্ত করে তােলার জন্যে শিবরাম চক্রবর্তীর সঙ্গে শক্তিমান ওই তিন চিত্রশিল্পীও চিরস্মরণীয়। বস্তুত তাঁদের অলংকরণই যেন শিবরাম এবং তাঁর চরিত্রদের সম্পূর্ণতা দান করেছে।</div>', 'শ্রেষ্ঠ গল্প', 'শ্রেষ্ঠ গল্প', '[\"\\u09b6\\u09cd\\u09b0\\u09c7\\u09b7\\u09cd\\u09a0 \\u0997\\u09b2\\u09cd\\u09aa\",\"\\u09b6\\u09bf\\u09ac\\u09b0\\u09be\\u09ae \\u099a\\u0995\\u09cd\\u09b0\\u09ac\\u09b0\\u09cd\\u09a4\\u09c0\\u09b0 \\u0997\\u09b2\\u09cd\\u09aa\",\"\\u099a\\u09bf\\u09b0\\u09be\\u09df\\u09a4 \\u0997\\u09b2\\u09cd\\u09aa\"]', 286, '2018-04-02', 0, '9841802767', 'upload/book-images/660d65059_8225.jpg', 0, 0, 0, '2025-01-29 23:47:30', '2025-01-29 23:47:30'),
(7, 2, 9, 8, 4, 1, 0, 'সুরাইয়া', 'bsbs934', 280, 241, 14, 44, 1, 'শিবব্রত বর্মনের গল্পগুলোর চৌহদ্দি চিহ্নিত করা কঠিন। সোনার ডিম পাড়ে না এমন এক বিপন্ন হাঁসের পাশে অদৃশ্য এক দাবার বোর্ডে খেলতে বসে দুই তিক্ত প্রতিদ্বন্দ্বী আর তখনই মধ্যরাতে দোতলা বাসে মৃত...', '<div class=\"summary-description active\" id=\"js--summary-description\">শিবব্রত বর্মনের গল্পগুলোর চৌহদ্দি চিহ্নিত করা কঠিন। সোনার ডিম পাড়ে না এমন এক বিপন্ন হাঁসের পাশে অদৃশ্য এক দাবার বোর্ডে খেলতে বসে দুই তিক্ত প্রতিদ্বন্দ্বী আর তখনই মধ্যরাতে দোতলা বাসে মৃত্যু সাজিয়ে বসে থাকে এক মানসিক রোগী। এ গল্পসংকলন এক আশ্চর্য ভ্রমণ।</div>', 'সুরাইয়া', 'সুরাইয়া', '[\"\\u0997\\u09b2\\u09cd\\u09aa\",\"\\u09b6\\u09bf\\u09ac\\u09ac\\u09cd\\u09b0\\u09a4 \\u09ac\\u09b0\\u09cd\\u09ae\\u09a8\\u09c7\\u09b0 \\u0997\\u09b2\\u09cd\\u09aa\",\"\\u09b8\\u09ae\\u0995\\u09be\\u09b2\\u09c0\\u09a8 \\u0997\\u09b2\\u09cd\\u09aa\",\"\\u099c\\u09a8\\u09aa\\u09cd\\u09b0\\u09bf\\u09df\"]', 128, '2023-03-01', 0, '9789849654957', 'upload/book-images/Suraiya-Shibobroto_Bormon-538e7-230735.jpg', 0, 0, 0, '2025-01-30 00:01:33', '2025-01-30 00:01:33'),
(8, 2, 9, 2, 5, 1, 0, 'ইচ্ছা পূরণ', 'iccapuron123', 135, 116, 14, 25, 1, 'টিকটিকিকে ধরার চেষ্টা করলে তাদের লেজটা খুলে আসে এবং তিড়িং তিড়িং করে নড়তে থাকে। সেটা দেখে টুটুল এতো মজা পেলো যে সে একটা একটা করে সবগুলো টিকটিকির ...', '<div class=\"summary-description active\" id=\"js--summary-description\"><b>‘ইচ্ছা পূরণ’ বইয়ের ফ্ল্যাপের কথাঃ</b> টিকটিকিকে ধরার চেষ্টা করলে তাদের লেজটা খুলে আসে এবং তিড়িং তিড়িং করে নড়তে থাকে। সেটা দেখে টুটুল এতো মজা পেলো যে সে একটা একটা করে সবগুলো টিকটিকির লেজ খসিয়ে ফেলল, তাদের বাসার কোনো টিকটিকির এখন কোনো লেজ নাই।<br> <b>‘ইচ্ছা পূরণ’ বইটির সামারিঃ</b><br> ২০১৭ সালের বইমেলায় প্রকাশ হওয়া ১০ বছর বয়েসি ছেলে বাচ্চাকে নিয়ে লেখা বইটি কিছুটা ছোটদের অ্যাডভেঞ্চার এর মত। এখানে টুটুল প্রতিমুহুর্তেই কিছু না কিছু এক্সপেরিমেন্ট করে এবং নিশ্চিত ভাবে সেটা ভুল হয় কিন্তু তাই বলে তাঁর কাজ থেমে থাকে না। বইটি রঙিন ছবিসহ এবং বাচ্চাদের উত্তাল আনন্দের মধ্যে বড় করে তোলার দিকটি লেখক জাফর ইকবাল সুন্দর করে তুলে এনেছেন। </div>', 'ইচ্ছা পূরণ', 'ইচ্ছা পূরণ', '[\"\\u0997\\u09b2\\u09cd\\u09aa\",\"\\u09ae\\u09c1\\u09b9\\u09be\\u09ae\\u09cd\\u09ae\\u09a6 \\u099c\\u09be\\u09ab\\u09b0 \\u0987\\u0995\\u09ac\\u09be\\u09b2\\u09c7\\u09b0 \\u0997\\u09b2\\u09cd\\u09aa\",\"\\u09b8\\u09ae\\u0995\\u09be\\u09b2\\u09c0\\u09a8 \\u0997\\u09b2\\u09cd\\u09aa\"]', 16, '2017-01-02', 0, '9789844323360', 'upload/book-images/faffe454dcb4_129446.jpg', 0, 0, 0, '2025-01-30 00:15:56', '2025-01-30 00:15:56'),
(9, 2, 10, 9, 6, 1, 0, 'বড় যদি হতে চাও', 'mjabjhc00', 360, 180, 50, 46, 1, 'বই থেকে জানা যাবে প্রথমত শত শত মনিষীর নাম—তাঁদের জীবনের টুকরো টুকরো গল্প—ইলম হাসিলে কষ্ট মুজাহাদার বয়ান—অসামান্য ধৈর্য্য ও ইস্পাত কঠিন দৃঢ়তা—উসতাদের প্রতি অসামান্য ভক্তি ও শ্রদ্ধাবোধ। মুসলিম উম্মাহর আকাশ আলো করা সেইসব', '<p class=\"review-text js--review-content active\">বইটি মূলত মাদরাসার তালিবে ইলমদের উদ্দেশ্য করে লেখা। যদিও আমার পড়াশোনা আগাগোড়া জেনারেল লাইনে এবং বইটি কিনেছিলাম লেখক ও তাঁর লেখনীর সাথে পরিচয়ের খাতিরে!<br><br>বই থেকে জানা যাবে প্রথমত শত শত মনিষীর নাম—তাঁদের জীবনের টুকরো টুকরো গল্প—ইলম হাসিলে কষ্ট মুজাহাদার বয়ান—অসামান্য ধৈর্য্য ও ইস্পাত কঠিন দৃঢ়তা—উসতাদের প্রতি অসামান্য ভক্তি ও শ্রদ্ধাবোধ। মুসলিম উম্মাহর আকাশ আলো করা সেইসব তারকা পুরুষদের নিরবচ্ছিন্ন অধ্যবসায় পাঠককে আরো ভাবুক ও পড়ুয়া হতে উৎসাহিত করবে ইনশা আল্লাহ।<br><br>বই পড়তে গিয়ে আপনি একঘেয়েমি বোধ করবেন না। লেখক সে সুযোগ রাখেননি—মনে হবে একটানে শেষ করে তবেই উঠবো! ঘুরেফিরে এসেছে ইলম পিপাসু সাহাবীদের (রাঃ) দের আলোচনা—মহান চার ইমাম ও তাঁদের ছাত্রদের কথা। এছাড়াও রয়েছে নিকট অতীতের আল্লামা আনওয়ার শাহ কাশমিরী ও মাওলানা আবুল কালাম আজাদের কথা।<br><br>সুতরাং পাঠক ঘুরে আসবেন মক্কা, মদিনা, কুফা, বাগদাদ, সিরিয়া। ইলম অনুসন্ধানী এই মানুষদের জীবনকথা পাঠককে মনে করিয়ে দিবে ইসলামের প্রথম কথা ছিলো—পড়।<br><br>শেষ কথা-<br><br>বইয়ের শুরুতে মাওলানা উবায়দুর রহমান খান নদভী বইটির ভূয়সী প্রশংসা করে বলেন, এটি আনুষ্ঠানিকভাবে মাদরাসায় পাঠ্য হওয়ার মতো।<br><br>রাহনুমা প্রকাশনী খুউব যত্ন করে বইটি ছেপেছে। তাদের সার্বিক উন্নতি কামনা করি।</p>', 'বড় যদি হতে চাও', 'বড় যদি হতে চাও', '[\"\\u0997\\u09b2\\u09cd\\u09aa\",\"\\u0987\\u09b8\\u09b2\\u09be\\u09ae\\u09bf \\u0997\\u09b2\\u09cd\\u09aa\",\"\\u09ae\\u09a8\\u09bf\\u09b7\\u09c0\\u09a6\\u09c7\\u09b0 \\u0997\\u09b2\\u09cd\\u09aa\"]', 216, '2017-01-02', 0, '9789849221296', 'upload/book-images/116d2bd54_143032.jpg', 0, 0, 0, '2025-01-30 00:32:06', '2025-01-30 00:32:06'),
(11, 1, 12, 11, 8, 1, 0, 'আশিয়ানী', 'asiani324', 1200, 720, 40, 9, 1, 'সেভিদোনিয়া রাজ্যের রাজকুমারী আশিয়ানী আরনোমিয়েল এক রহস্যের পেছনে ছুটতে ছুটতে পৌঁছে যায় এমন একটা জায়গায় যা তার জীবনাচরণকে বদলে দেয় চিরদিনের জন্য! সেই সাথে বদলে যায় আরও একটি জীবন। এদি..', '<p><span style=\"color: rgb(51, 51, 51); font-family: __Roboto_097080, __Noto_Serif_Bengali_cb7f83; font-size: 14px; letter-spacing: normal; text-align: justify; word-spacing: 4px;\">সেভিদোনিয়া রাজ্যের রাজকুমারী আশিয়ানী আরনোমিয়েল এক রহস্যের পেছনে ছুটতে ছুটতে পৌঁছে যায় এমন একটা জায়গায় যা তার জীবনাচরণকে বদলে দেয় চিরদিনের জন্য! সেই সাথে বদলে যায় আরও একটি জীবন। এদিকে সেভিদোনিয়ায় হঠাৎ করেই একের-পর-এক অযাচিত ঘটনা ঘটে চলেছে, যা নিয়ে ক্রমেই উদ্বিগ্ন হয়ে উঠছে রাজা আরসালান আরনোমিয়েল। রাজপ্রাসাদের প্রধান সেনাধ্যক্ষ আরহাম মেনদারকে সাথে নিয়ে সেইসব সমস্যা সমাধানের চেষ্টা করতে থাকেন তিনি, যার সাথে একসময় জড়িয়ে ফেলা হয় আশিয়ানীকেও। সিংহাসনের পরবর্তী উত্তরাধিকারী হিসেবে তার ওপরও চাপ বাড়তে থাকে। অভিজাতদের সাথে রাজকুমারীর নীরব যুদ্ধ প্রকাশ্যে চলে আসে হঠাৎ! ইলদারাম পর্বতমালার উত্তরাংশ কেন হঠাৎ উত্তপ্ত হয়ে উঠলো? রাজধানী সোভিয়ানেই বা এমন অযাচিত ঘটনা কারা ঘটালো? প্রাচীন জাদুকর সংঘের একজন প্রকৃতিসাধিকা ঠিক কিসের আশংকা করছে? আরনোমিয়েল সেনাবাহিনী এবং রাখশামান সেনাদলকে কেন হঠাৎ করে তলব করার প্রয়োজন পড়লো? হরিৎসেনারাই বা কী নিয়ে কাজ করছে? রাজবৃক্ষ আরনীমিশিল এর কী ভূমিকা রয়েছে আরনোমিয়েল রাজবংশের উত্থানের পেছনে? আর সবচেয়ে বড়ো প্রশ্ন, এসব ঘটনা আশিয়ানীর সাথেই বা কতটুকু জড়িত? এসব প্রশ্নের উত্তর রয়েছে প্রাচীন রহস্য, রাজনৈতিক কূটকৌশল, সমরকৌশল, বিশ্বাসঘাতকতা এবং নিয়তির মিশেলে গঠিত বিশাল প্রেক্ষাপটের ফ্যান্টাসি উপন্যাস আশিয়ানী-তে।</span></p>', 'আশিয়ানী', 'আশিয়ানী', '[\"\\u09ab\\u09cd\\u09af\\u09be\\u09a8\\u09cd\\u099f\\u09b8\\u09bf \\u0989\\u09aa\\u09a8\\u09cd\\u09af\\u09be\\u09b8\"]', 665, '2022-01-23', 0, 'dfdfgdfgfdg', 'upload/book-images/2303551.jpg', 0, 0, 0, '2025-02-22 13:44:22', '2025-02-22 13:44:22'),
(12, 1, 13, 11, 9, 1, 0, 'মহাকাল', 'mohakal324', 1000, 600, 40, 10, 1, 'মহারাজ সাতকর্ণী সাতবাহন রাজ্যের সম্রাট। লোকে বলে, তিনিই এই বংশের সবচেয়ে যোগ্য রাজা। রাজ্য চারিদিকে বেড়ে এখন পুরো মধ্য ভারতই তার আয়ত্তে এসে গেছে। কিন্তু সমস্যা হয়..', '<p><span style=\"color: rgb(51, 51, 51); font-family: __Roboto_097080, __Noto_Serif_Bengali_cb7f83; font-size: 14px; letter-spacing: normal; text-align: justify; word-spacing: 4px;\">কাহিনি সংক্ষেপ</span><br style=\"--tw-border-spacing-x: 0; --tw-border-spacing-y: 0; --tw-translate-x: 0; --tw-translate-y: 0; --tw-rotate: 0; --tw-skew-x: 0; --tw-skew-y: 0; --tw-scale-x: 1; --tw-scale-y: 1; --tw-pan-x: ; --tw-pan-y: ; --tw-pinch-zoom: ; --tw-scroll-snap-strictness: proximity; --tw-gradient-from-position: ; --tw-gradient-via-position: ; --tw-gradient-to-position: ; --tw-ordinal: ; --tw-slashed-zero: ; --tw-numeric-figure: ; --tw-numeric-spacing: ; --tw-numeric-fraction: ; --tw-ring-inset: ; --tw-ring-offset-width: 0px; --tw-ring-offset-color: #fff; --tw-ring-color: rgba(59,130,246,.5); --tw-ring-offset-shadow: 0 0 #0000; --tw-ring-shadow: 0 0 #0000; --tw-shadow: 0 0 #0000; --tw-shadow-colored: 0 0 #0000; --tw-blur: ; --tw-brightness: ; --tw-contrast: ; --tw-grayscale: ; --tw-hue-rotate: ; --tw-invert: ; --tw-saturate: ; --tw-sepia: ; --tw-drop-shadow: ; --tw-backdrop-blur: ; --tw-backdrop-brightness: ; --tw-backdrop-contrast: ; --tw-backdrop-grayscale: ; --tw-backdrop-hue-rotate: ; --tw-backdrop-invert: ; --tw-backdrop-opacity: ; --tw-backdrop-saturate: ; --tw-backdrop-sepia: ; --tw-contain-size: ; --tw-contain-layout: ; --tw-contain-paint: ; --tw-contain-style: ; border: 0px solid rgb(229, 231, 235); margin: 0px; padding: 0px; color: rgb(51, 51, 51); font-family: __Roboto_097080, __Noto_Serif_Bengali_cb7f83; font-size: 14px; letter-spacing: normal; text-align: justify; word-spacing: 4px; user-select: initial !important;\"><span style=\"color: rgb(51, 51, 51); font-family: __Roboto_097080, __Noto_Serif_Bengali_cb7f83; font-size: 14px; letter-spacing: normal; text-align: justify; word-spacing: 4px;\">মহারাজ সাতকর্ণী সাতবাহন রাজ্যের সম্রাট। লোকে বলে, তিনিই এই বংশের সবচেয়ে যোগ্য রাজা। রাজ্য চারিদিকে বেড়ে এখন পুরো মধ্য ভারতই তার আয়ত্তে এসে গেছে। কিন্তু সমস্যা হয়ে দাঁড়িয়েছে অন্য জায়গায়। পুবের পৃথিবী থেকে লোকজন আসছে ভারতে বাণিজ্য করতে। তিনিও সেই বাণিজ্যে অংশ নিয়েছেন। কিন্তু তার বন্দরগুলোতে ভিনদেশী জাহাজগুলো আসছে না। খা খা করছে তার বন্দরগুলো। এই সমস্যার সমাধান করতেই হবে। লক্ষ্মী বিদায় নিলে রাজা আর রাজ্য যে শ্রী হারিয়ে ফেলবে। নিজের মন্ত্রীর সাথে সেই পরিকল্পনাই করতে বসেছেন তিনি।</span><br style=\"--tw-border-spacing-x: 0; --tw-border-spacing-y: 0; --tw-translate-x: 0; --tw-translate-y: 0; --tw-rotate: 0; --tw-skew-x: 0; --tw-skew-y: 0; --tw-scale-x: 1; --tw-scale-y: 1; --tw-pan-x: ; --tw-pan-y: ; --tw-pinch-zoom: ; --tw-scroll-snap-strictness: proximity; --tw-gradient-from-position: ; --tw-gradient-via-position: ; --tw-gradient-to-position: ; --tw-ordinal: ; --tw-slashed-zero: ; --tw-numeric-figure: ; --tw-numeric-spacing: ; --tw-numeric-fraction: ; --tw-ring-inset: ; --tw-ring-offset-width: 0px; --tw-ring-offset-color: #fff; --tw-ring-color: rgba(59,130,246,.5); --tw-ring-offset-shadow: 0 0 #0000; --tw-ring-shadow: 0 0 #0000; --tw-shadow: 0 0 #0000; --tw-shadow-colored: 0 0 #0000; --tw-blur: ; --tw-brightness: ; --tw-contrast: ; --tw-grayscale: ; --tw-hue-rotate: ; --tw-invert: ; --tw-saturate: ; --tw-sepia: ; --tw-drop-shadow: ; --tw-backdrop-blur: ; --tw-backdrop-brightness: ; --tw-backdrop-contrast: ; --tw-backdrop-grayscale: ; --tw-backdrop-hue-rotate: ; --tw-backdrop-invert: ; --tw-backdrop-opacity: ; --tw-backdrop-saturate: ; --tw-backdrop-sepia: ; --tw-contain-size: ; --tw-contain-layout: ; --tw-contain-paint: ; --tw-contain-style: ; border: 0px solid rgb(229, 231, 235); margin: 0px; padding: 0px; color: rgb(51, 51, 51); font-family: __Roboto_097080, __Noto_Serif_Bengali_cb7f83; font-size: 14px; letter-spacing: normal; text-align: justify; word-spacing: 4px; user-select: initial !important;\"><span style=\"color: rgb(51, 51, 51); font-family: __Roboto_097080, __Noto_Serif_Bengali_cb7f83; font-size: 14px; letter-spacing: normal; text-align: justify; word-spacing: 4px;\">ঠিক সেই সময়ে যে রাজা ভারতে চুটিয়ে বাণিজ্য করছেন, তার নাম নাহাপনা। পশ্চিম শক রাজ্যের এই রাজা নিজের বাণিজ্য নিয়ে সন্তুষ্ট। তবে নিশ্চিন্ত থাকার উপায় নেই। তিনি জানেন, মধ্য ভারত অধিকার করে সাতবাহন রাজ্যের সীমা এখন তার রাজ্যের উপকণ্ঠে চলে এসেছে। আর তার এই ছোট কিন্তু অতুল সমৃদ্ধ রাজ্য অবশ্যই সাতকর্ণীর শকুন নজর এড়াবে না। তাই শত্রু আঘাত করার আগেই শত্রুকে পাকে ফেলতে হবে। নিজের মন্ত্রীর সাথে তিনিও ব্যস্ত সেই উপায় নির্ধারণে।</span><br style=\"--tw-border-spacing-x: 0; --tw-border-spacing-y: 0; --tw-translate-x: 0; --tw-translate-y: 0; --tw-rotate: 0; --tw-skew-x: 0; --tw-skew-y: 0; --tw-scale-x: 1; --tw-scale-y: 1; --tw-pan-x: ; --tw-pan-y: ; --tw-pinch-zoom: ; --tw-scroll-snap-strictness: proximity; --tw-gradient-from-position: ; --tw-gradient-via-position: ; --tw-gradient-to-position: ; --tw-ordinal: ; --tw-slashed-zero: ; --tw-numeric-figure: ; --tw-numeric-spacing: ; --tw-numeric-fraction: ; --tw-ring-inset: ; --tw-ring-offset-width: 0px; --tw-ring-offset-color: #fff; --tw-ring-color: rgba(59,130,246,.5); --tw-ring-offset-shadow: 0 0 #0000; --tw-ring-shadow: 0 0 #0000; --tw-shadow: 0 0 #0000; --tw-shadow-colored: 0 0 #0000; --tw-blur: ; --tw-brightness: ; --tw-contrast: ; --tw-grayscale: ; --tw-hue-rotate: ; --tw-invert: ; --tw-saturate: ; --tw-sepia: ; --tw-drop-shadow: ; --tw-backdrop-blur: ; --tw-backdrop-brightness: ; --tw-backdrop-contrast: ; --tw-backdrop-grayscale: ; --tw-backdrop-hue-rotate: ; --tw-backdrop-invert: ; --tw-backdrop-opacity: ; --tw-backdrop-saturate: ; --tw-backdrop-sepia: ; --tw-contain-size: ; --tw-contain-layout: ; --tw-contain-paint: ; --tw-contain-style: ; border: 0px solid rgb(229, 231, 235); margin: 0px; padding: 0px; color: rgb(51, 51, 51); font-family: __Roboto_097080, __Noto_Serif_Bengali_cb7f83; font-size: 14px; letter-spacing: normal; text-align: justify; word-spacing: 4px; user-select: initial !important;\"><span style=\"color: rgb(51, 51, 51); font-family: __Roboto_097080, __Noto_Serif_Bengali_cb7f83; font-size: 14px; letter-spacing: normal; text-align: justify; word-spacing: 4px;\">দক্ষিণ ভারত তিন রাজ্যে বিভক্ত। চেরা, চোলা আর পাণ্ড্য। তিন রাজ্যই একে অপরের প্রতি বিদ্বেষ পোষণ করে আসছে প্রাচীন কাল থেকে। তবে এখন চেরা রাজ্যের অবস্থা ভালো। তার বন্দর মুঝিরিস ব্যবসায় অনেক ভালো করছে। তারও ভয় মহারাজ সাতকর্ণীকে। চোলা রাজ্যে এসেছেন নতুন রাজা। তাকেও থাকতে হচ্ছে ভেতরের আর বাইরের শত্রুর ভয়ে। পাণ্ড্য রাজা বাণিজ্যিক চুক্তি করেছেন চেরাদের সাথে, তবে তিনিও চাচ্ছেন না অন্য কারো দয়ায় বেঁচে থাকতে।</span><br style=\"--tw-border-spacing-x: 0; --tw-border-spacing-y: 0; --tw-translate-x: 0; --tw-translate-y: 0; --tw-rotate: 0; --tw-skew-x: 0; --tw-skew-y: 0; --tw-scale-x: 1; --tw-scale-y: 1; --tw-pan-x: ; --tw-pan-y: ; --tw-pinch-zoom: ; --tw-scroll-snap-strictness: proximity; --tw-gradient-from-position: ; --tw-gradient-via-position: ; --tw-gradient-to-position: ; --tw-ordinal: ; --tw-slashed-zero: ; --tw-numeric-figure: ; --tw-numeric-spacing: ; --tw-numeric-fraction: ; --tw-ring-inset: ; --tw-ring-offset-width: 0px; --tw-ring-offset-color: #fff; --tw-ring-color: rgba(59,130,246,.5); --tw-ring-offset-shadow: 0 0 #0000; --tw-ring-shadow: 0 0 #0000; --tw-shadow: 0 0 #0000; --tw-shadow-colored: 0 0 #0000; --tw-blur: ; --tw-brightness: ; --tw-contrast: ; --tw-grayscale: ; --tw-hue-rotate: ; --tw-invert: ; --tw-saturate: ; --tw-sepia: ; --tw-drop-shadow: ; --tw-backdrop-blur: ; --tw-backdrop-brightness: ; --tw-backdrop-contrast: ; --tw-backdrop-grayscale: ; --tw-backdrop-hue-rotate: ; --tw-backdrop-invert: ; --tw-backdrop-opacity: ; --tw-backdrop-saturate: ; --tw-backdrop-sepia: ; --tw-contain-size: ; --tw-contain-layout: ; --tw-contain-paint: ; --tw-contain-style: ; border: 0px solid rgb(229, 231, 235); margin: 0px; padding: 0px; color: rgb(51, 51, 51); font-family: __Roboto_097080, __Noto_Serif_Bengali_cb7f83; font-size: 14px; letter-spacing: normal; text-align: justify; word-spacing: 4px; user-select: initial !important;\"><span style=\"color: rgb(51, 51, 51); font-family: __Roboto_097080, __Noto_Serif_Bengali_cb7f83; font-size: 14px; letter-spacing: normal; text-align: justify; word-spacing: 4px;\">এসব রাজরাজড়ার ঝামেলায় অসিতের কোন সম্পর্ক নেই। সে এক সাধারণ কিশোর। নিজের খেলা দেখানোর বানর আর গ্রামের অন্য মানুষদের কখনো আদর আর কখনো শাসনে কেটে যাচ্ছে তার জীবন। বনের ধারে একটা কেবল কুটির, আর কিছু খেলা দেখানোর সামগ্রী, এই তার সম্বল। তারপর আচমকা একদিন নতুন এক সম্পত্তি হাতে চলে এলো তার। নতুন সম্পত্তির সাথে এলো নতুন সম্ভাবনা, আর সেই সাথে এলো নতুন বিপদও। জীবন বদলে গেলো তার।</span><br style=\"--tw-border-spacing-x: 0; --tw-border-spacing-y: 0; --tw-translate-x: 0; --tw-translate-y: 0; --tw-rotate: 0; --tw-skew-x: 0; --tw-skew-y: 0; --tw-scale-x: 1; --tw-scale-y: 1; --tw-pan-x: ; --tw-pan-y: ; --tw-pinch-zoom: ; --tw-scroll-snap-strictness: proximity; --tw-gradient-from-position: ; --tw-gradient-via-position: ; --tw-gradient-to-position: ; --tw-ordinal: ; --tw-slashed-zero: ; --tw-numeric-figure: ; --tw-numeric-spacing: ; --tw-numeric-fraction: ; --tw-ring-inset: ; --tw-ring-offset-width: 0px; --tw-ring-offset-color: #fff; --tw-ring-color: rgba(59,130,246,.5); --tw-ring-offset-shadow: 0 0 #0000; --tw-ring-shadow: 0 0 #0000; --tw-shadow: 0 0 #0000; --tw-shadow-colored: 0 0 #0000; --tw-blur: ; --tw-brightness: ; --tw-contrast: ; --tw-grayscale: ; --tw-hue-rotate: ; --tw-invert: ; --tw-saturate: ; --tw-sepia: ; --tw-drop-shadow: ; --tw-backdrop-blur: ; --tw-backdrop-brightness: ; --tw-backdrop-contrast: ; --tw-backdrop-grayscale: ; --tw-backdrop-hue-rotate: ; --tw-backdrop-invert: ; --tw-backdrop-opacity: ; --tw-backdrop-saturate: ; --tw-backdrop-sepia: ; --tw-contain-size: ; --tw-contain-layout: ; --tw-contain-paint: ; --tw-contain-style: ; border: 0px solid rgb(229, 231, 235); margin: 0px; padding: 0px; color: rgb(51, 51, 51); font-family: __Roboto_097080, __Noto_Serif_Bengali_cb7f83; font-size: 14px; letter-spacing: normal; text-align: justify; word-spacing: 4px; user-select: initial !important;\"><span style=\"color: rgb(51, 51, 51); font-family: __Roboto_097080, __Noto_Serif_Bengali_cb7f83; font-size: 14px; letter-spacing: normal; text-align: justify; word-spacing: 4px;\">এক অভিশপ্ত পুরুষ রাতের অন্ধকারে ঘুরে বেড়াচ্ছে নানা মন্দিরে। দিনে কখনোই সে ঘর থেকে বের হয় না। নিত্য প্রার্থনা করে চলেছে সে, কিন্তু কিছুতেই নিজের শাপের হাত থেকে মুক্ত হতে পারছে না। তবু চেষ্টা করে চলেছে, মহাকাল কি তাকে দয়া করবে? তার শাস্তির মেয়াদ কি শেষ হবে?</span><br style=\"--tw-border-spacing-x: 0; --tw-border-spacing-y: 0; --tw-translate-x: 0; --tw-translate-y: 0; --tw-rotate: 0; --tw-skew-x: 0; --tw-skew-y: 0; --tw-scale-x: 1; --tw-scale-y: 1; --tw-pan-x: ; --tw-pan-y: ; --tw-pinch-zoom: ; --tw-scroll-snap-strictness: proximity; --tw-gradient-from-position: ; --tw-gradient-via-position: ; --tw-gradient-to-position: ; --tw-ordinal: ; --tw-slashed-zero: ; --tw-numeric-figure: ; --tw-numeric-spacing: ; --tw-numeric-fraction: ; --tw-ring-inset: ; --tw-ring-offset-width: 0px; --tw-ring-offset-color: #fff; --tw-ring-color: rgba(59,130,246,.5); --tw-ring-offset-shadow: 0 0 #0000; --tw-ring-shadow: 0 0 #0000; --tw-shadow: 0 0 #0000; --tw-shadow-colored: 0 0 #0000; --tw-blur: ; --tw-brightness: ; --tw-contrast: ; --tw-grayscale: ; --tw-hue-rotate: ; --tw-invert: ; --tw-saturate: ; --tw-sepia: ; --tw-drop-shadow: ; --tw-backdrop-blur: ; --tw-backdrop-brightness: ; --tw-backdrop-contrast: ; --tw-backdrop-grayscale: ; --tw-backdrop-hue-rotate: ; --tw-backdrop-invert: ; --tw-backdrop-opacity: ; --tw-backdrop-saturate: ; --tw-backdrop-sepia: ; --tw-contain-size: ; --tw-contain-layout: ; --tw-contain-paint: ; --tw-contain-style: ; border: 0px solid rgb(229, 231, 235); margin: 0px; padding: 0px; color: rgb(51, 51, 51); font-family: __Roboto_097080, __Noto_Serif_Bengali_cb7f83; font-size: 14px; letter-spacing: normal; text-align: justify; word-spacing: 4px; user-select: initial !important;\"><span style=\"color: rgb(51, 51, 51); font-family: __Roboto_097080, __Noto_Serif_Bengali_cb7f83; font-size: 14px; letter-spacing: normal; text-align: justify; word-spacing: 4px;\">বিন্দুমাত্র সম্পর্কহীন বিন্দুগুলো এক সময় এসে মিলে গেলো এক বিন্দুতে। মহাকাল দেখাতে শুরু করলো নিজের খেলা।</span></p>', 'মহাকাল', 'মহাকাল', '[\"\\u09aa\\u09c7\\u09d7\\u09b0\\u09be\\u09a8\\u09bf\\u0995\"]', 608, '2023-02-23', 0, 'dsfsdfsdf453543543545', 'upload/book-images/Mohakal-Dibakor_Das-5f0ae-287164.jpg', 0, 0, 0, '2025-02-22 13:52:41', '2025-02-22 13:52:41'),
(13, 4, 14, 12, 10, 1, 0, 'বহে জলবতী ধারা- ১ম খণ্ড', 'bohdf34', 360, 310, 14, 10, 1, 'জীবন বহমান, জলবতী ধারার মতোই; কিন্তু মানুষের। জীবনের একটা আশ্চর্য ব্যাপার হলো, সে শুধু বহেই চলে না, নিজের গতিপথের দিকে তাকাতেও পারে, একই সঙ্গে একটা। জীবন যাপন করা আর সেই যাপিত জীবনের স্মৃতিরচনা করা সম্ভব হয় মানুষের পক্ষে। আর সেই জীবনটা যদি হয় ....', '<p><span style=\"--tw-border-spacing-x: 0; --tw-border-spacing-y: 0; --tw-translate-x: 0; --tw-translate-y: 0; --tw-rotate: 0; --tw-skew-x: 0; --tw-skew-y: 0; --tw-scale-x: 1; --tw-scale-y: 1; --tw-pan-x: ; --tw-pan-y: ; --tw-pinch-zoom: ; --tw-scroll-snap-strictness: proximity; --tw-gradient-from-position: ; --tw-gradient-via-position: ; --tw-gradient-to-position: ; --tw-ordinal: ; --tw-slashed-zero: ; --tw-numeric-figure: ; --tw-numeric-spacing: ; --tw-numeric-fraction: ; --tw-ring-inset: ; --tw-ring-offset-width: 0px; --tw-ring-offset-color: #fff; --tw-ring-color: rgba(59,130,246,.5); --tw-ring-offset-shadow: 0 0 #0000; --tw-ring-shadow: 0 0 #0000; --tw-shadow: 0 0 #0000; --tw-shadow-colored: 0 0 #0000; --tw-blur: ; --tw-brightness: ; --tw-contrast: ; --tw-grayscale: ; --tw-hue-rotate: ; --tw-invert: ; --tw-saturate: ; --tw-sepia: ; --tw-drop-shadow: ; --tw-backdrop-blur: ; --tw-backdrop-brightness: ; --tw-backdrop-contrast: ; --tw-backdrop-grayscale: ; --tw-backdrop-hue-rotate: ; --tw-backdrop-invert: ; --tw-backdrop-opacity: ; --tw-backdrop-saturate: ; --tw-backdrop-sepia: ; --tw-contain-size: ; --tw-contain-layout: ; --tw-contain-paint: ; --tw-contain-style: ; border: 0px solid rgb(229, 231, 235); margin: 0px; padding: 0px; font-weight: bolder; color: rgb(51, 51, 51); font-family: __Roboto_097080, __Noto_Serif_Bengali_cb7f83; font-size: 14px; letter-spacing: normal; text-align: justify; word-spacing: 4px; user-select: initial !important;\">\"বহে জলবতী ধারা- ১ম খণ্ড\" বইটিতে লেখা ফ্ল্যাপের কথাঃ</span><span style=\"color: rgb(51, 51, 51); font-family: __Roboto_097080, __Noto_Serif_Bengali_cb7f83; font-size: 14px; letter-spacing: normal; text-align: justify; word-spacing: 4px;\">&nbsp;জীবন বহমান, জলবতী ধারার মতোই; কিন্তু মানুষের। জীবনের একটা আশ্চর্য ব্যাপার হলো, সে শুধু বহেই চলে না, নিজের গতিপথের দিকে তাকাতেও পারে, একই সঙ্গে একটা। জীবন যাপন করা আর সেই যাপিত জীবনের স্মৃতিরচনা করা সম্ভব হয় মানুষের পক্ষে। আর সেই জীবনটা যদি হয় আবদুল্লাহ আবু সায়ীদের মতো কর্মকীর্তিময় মানুষের, তাহলে তা হয়ে ওঠে আরও বর্ণাঢ্য, আরো বিরাট এক অনুভূতিময় আবেগদীপ্ত ব্যাপার।</span><br style=\"--tw-border-spacing-x: 0; --tw-border-spacing-y: 0; --tw-translate-x: 0; --tw-translate-y: 0; --tw-rotate: 0; --tw-skew-x: 0; --tw-skew-y: 0; --tw-scale-x: 1; --tw-scale-y: 1; --tw-pan-x: ; --tw-pan-y: ; --tw-pinch-zoom: ; --tw-scroll-snap-strictness: proximity; --tw-gradient-from-position: ; --tw-gradient-via-position: ; --tw-gradient-to-position: ; --tw-ordinal: ; --tw-slashed-zero: ; --tw-numeric-figure: ; --tw-numeric-spacing: ; --tw-numeric-fraction: ; --tw-ring-inset: ; --tw-ring-offset-width: 0px; --tw-ring-offset-color: #fff; --tw-ring-color: rgba(59,130,246,.5); --tw-ring-offset-shadow: 0 0 #0000; --tw-ring-shadow: 0 0 #0000; --tw-shadow: 0 0 #0000; --tw-shadow-colored: 0 0 #0000; --tw-blur: ; --tw-brightness: ; --tw-contrast: ; --tw-grayscale: ; --tw-hue-rotate: ; --tw-invert: ; --tw-saturate: ; --tw-sepia: ; --tw-drop-shadow: ; --tw-backdrop-blur: ; --tw-backdrop-brightness: ; --tw-backdrop-contrast: ; --tw-backdrop-grayscale: ; --tw-backdrop-hue-rotate: ; --tw-backdrop-invert: ; --tw-backdrop-opacity: ; --tw-backdrop-saturate: ; --tw-backdrop-sepia: ; --tw-contain-size: ; --tw-contain-layout: ; --tw-contain-paint: ; --tw-contain-style: ; border: 0px solid rgb(229, 231, 235); margin: 0px; padding: 0px; color: rgb(51, 51, 51); font-family: __Roboto_097080, __Noto_Serif_Bengali_cb7f83; font-size: 14px; letter-spacing: normal; text-align: justify; word-spacing: 4px; user-select: initial !important;\"><span style=\"color: rgb(51, 51, 51); font-family: __Roboto_097080, __Noto_Serif_Bengali_cb7f83; font-size: 14px; letter-spacing: normal; text-align: justify; word-spacing: 4px;\">‘বহে জলবতী ধারা প্রথম খণ্ডে রয়েছে আবদুল্লাহ আবু সায়ীদের শৈশবের স্মৃতিচারণ—করটিয়া, জামালপুর, পাবনা, বাগেরহাটের নিসর্গ আর সভ্যতায় জড়াজড়ি করা রহস্যময় পথিবী—সেই সঙ্গে ঢাকা ও কলকাতার নাগরিক জীবনের উত্তেজনা ও কল্লোল; আর এ সবকিছুর ওপর দিয়ে মুগ্ধতা। ছড়িয়ে রাখা তার ভেতরকার অনিঃশেষ বিস্ময়বোধ।</span><br style=\"--tw-border-spacing-x: 0; --tw-border-spacing-y: 0; --tw-translate-x: 0; --tw-translate-y: 0; --tw-rotate: 0; --tw-skew-x: 0; --tw-skew-y: 0; --tw-scale-x: 1; --tw-scale-y: 1; --tw-pan-x: ; --tw-pan-y: ; --tw-pinch-zoom: ; --tw-scroll-snap-strictness: proximity; --tw-gradient-from-position: ; --tw-gradient-via-position: ; --tw-gradient-to-position: ; --tw-ordinal: ; --tw-slashed-zero: ; --tw-numeric-figure: ; --tw-numeric-spacing: ; --tw-numeric-fraction: ; --tw-ring-inset: ; --tw-ring-offset-width: 0px; --tw-ring-offset-color: #fff; --tw-ring-color: rgba(59,130,246,.5); --tw-ring-offset-shadow: 0 0 #0000; --tw-ring-shadow: 0 0 #0000; --tw-shadow: 0 0 #0000; --tw-shadow-colored: 0 0 #0000; --tw-blur: ; --tw-brightness: ; --tw-contrast: ; --tw-grayscale: ; --tw-hue-rotate: ; --tw-invert: ; --tw-saturate: ; --tw-sepia: ; --tw-drop-shadow: ; --tw-backdrop-blur: ; --tw-backdrop-brightness: ; --tw-backdrop-contrast: ; --tw-backdrop-grayscale: ; --tw-backdrop-hue-rotate: ; --tw-backdrop-invert: ; --tw-backdrop-opacity: ; --tw-backdrop-saturate: ; --tw-backdrop-sepia: ; --tw-contain-size: ; --tw-contain-layout: ; --tw-contain-paint: ; --tw-contain-style: ; border: 0px solid rgb(229, 231, 235); margin: 0px; padding: 0px; color: rgb(51, 51, 51); font-family: __Roboto_097080, __Noto_Serif_Bengali_cb7f83; font-size: 14px; letter-spacing: normal; text-align: justify; word-spacing: 4px; user-select: initial !important;\"><span style=\"color: rgb(51, 51, 51); font-family: __Roboto_097080, __Noto_Serif_Bengali_cb7f83; font-size: 14px; letter-spacing: normal; text-align: justify; word-spacing: 4px;\">একটা শিশু বেড়ে উঠছে তার সময়কালস্থানের পটভূমিতে, তার চারপাশে আছে নানা চরিত্র, তার কলেজ শিক্ষক আব্বা, মূল্যবোধ সম্পন্ন শিক্ষকেরা, উনবিংশ শতাব্দীর বাঙালি রেনেসাঁসের উত্তরসূরি সংস্কৃতিবান হিন্দু সম্প্রদায়, নবজাগ্রত। মুসলমান, স্কুলের বন্ধু, মা-ভাইবোনের প্রাণবন্ত পারিবারিক জীবন, মায়ের মৃত্যুবেদনা, গ্রামের জীবনের দুঃখকষ্ট, রাজনৈতিক উত্তেজনা এমনি অনেক কিছু ।</span><br style=\"--tw-border-spacing-x: 0; --tw-border-spacing-y: 0; --tw-translate-x: 0; --tw-translate-y: 0; --tw-rotate: 0; --tw-skew-x: 0; --tw-skew-y: 0; --tw-scale-x: 1; --tw-scale-y: 1; --tw-pan-x: ; --tw-pan-y: ; --tw-pinch-zoom: ; --tw-scroll-snap-strictness: proximity; --tw-gradient-from-position: ; --tw-gradient-via-position: ; --tw-gradient-to-position: ; --tw-ordinal: ; --tw-slashed-zero: ; --tw-numeric-figure: ; --tw-numeric-spacing: ; --tw-numeric-fraction: ; --tw-ring-inset: ; --tw-ring-offset-width: 0px; --tw-ring-offset-color: #fff; --tw-ring-color: rgba(59,130,246,.5); --tw-ring-offset-shadow: 0 0 #0000; --tw-ring-shadow: 0 0 #0000; --tw-shadow: 0 0 #0000; --tw-shadow-colored: 0 0 #0000; --tw-blur: ; --tw-brightness: ; --tw-contrast: ; --tw-grayscale: ; --tw-hue-rotate: ; --tw-invert: ; --tw-saturate: ; --tw-sepia: ; --tw-drop-shadow: ; --tw-backdrop-blur: ; --tw-backdrop-brightness: ; --tw-backdrop-contrast: ; --tw-backdrop-grayscale: ; --tw-backdrop-hue-rotate: ; --tw-backdrop-invert: ; --tw-backdrop-opacity: ; --tw-backdrop-saturate: ; --tw-backdrop-sepia: ; --tw-contain-size: ; --tw-contain-layout: ; --tw-contain-paint: ; --tw-contain-style: ; border: 0px solid rgb(229, 231, 235); margin: 0px; padding: 0px; color: rgb(51, 51, 51); font-family: __Roboto_097080, __Noto_Serif_Bengali_cb7f83; font-size: 14px; letter-spacing: normal; text-align: justify; word-spacing: 4px; user-select: initial !important;\"><span style=\"color: rgb(51, 51, 51); font-family: __Roboto_097080, __Noto_Serif_Bengali_cb7f83; font-size: 14px; letter-spacing: normal; text-align: justify; word-spacing: 4px;\">একেকবার সে বড় হয়ে হতে চাইছে একেক কিছু, কখনও খেলোয়াড়, কখনও গুণ্ডা, কখনও কবি, কখনও দার্শনিক। কখনও পিতার মতোই আদর্শবাদী শিক্ষক, কখনো ট্রেনের ড্রাইভার, কখনো চার্টার্ড একাউন্ট্যান্ট—কোনটা তার নিয়তি জানা নেই। কিন্তু এসবের থেকেও এই বইয়ের যা বড় সম্পদ। তা হল জীবন-নদীর তীরে দাড়িয়ে এসব কিছুকে তাঁর। নিবিষ্টভাবে দেখে যাওয়া—শুধু চোখের দেখা নয়, বিশদভাবে। দেখা, শিল্পীর চোখ দিয়ে, কবির চোখ দিয়ে, প্রেমিকের চোখ। দিয়ে, দার্শনিকের চোখ দিয়ে দেখা—আর তাকে ব্যাখ্যা। করা, বর্ণনা করা ।</span><br style=\"--tw-border-spacing-x: 0; --tw-border-spacing-y: 0; --tw-translate-x: 0; --tw-translate-y: 0; --tw-rotate: 0; --tw-skew-x: 0; --tw-skew-y: 0; --tw-scale-x: 1; --tw-scale-y: 1; --tw-pan-x: ; --tw-pan-y: ; --tw-pinch-zoom: ; --tw-scroll-snap-strictness: proximity; --tw-gradient-from-position: ; --tw-gradient-via-position: ; --tw-gradient-to-position: ; --tw-ordinal: ; --tw-slashed-zero: ; --tw-numeric-figure: ; --tw-numeric-spacing: ; --tw-numeric-fraction: ; --tw-ring-inset: ; --tw-ring-offset-width: 0px; --tw-ring-offset-color: #fff; --tw-ring-color: rgba(59,130,246,.5); --tw-ring-offset-shadow: 0 0 #0000; --tw-ring-shadow: 0 0 #0000; --tw-shadow: 0 0 #0000; --tw-shadow-colored: 0 0 #0000; --tw-blur: ; --tw-brightness: ; --tw-contrast: ; --tw-grayscale: ; --tw-hue-rotate: ; --tw-invert: ; --tw-saturate: ; --tw-sepia: ; --tw-drop-shadow: ; --tw-backdrop-blur: ; --tw-backdrop-brightness: ; --tw-backdrop-contrast: ; --tw-backdrop-grayscale: ; --tw-backdrop-hue-rotate: ; --tw-backdrop-invert: ; --tw-backdrop-opacity: ; --tw-backdrop-saturate: ; --tw-backdrop-sepia: ; --tw-contain-size: ; --tw-contain-layout: ; --tw-contain-paint: ; --tw-contain-style: ; border: 0px solid rgb(229, 231, 235); margin: 0px; padding: 0px; color: rgb(51, 51, 51); font-family: __Roboto_097080, __Noto_Serif_Bengali_cb7f83; font-size: 14px; letter-spacing: normal; text-align: justify; word-spacing: 4px; user-select: initial !important;\"><span style=\"color: rgb(51, 51, 51); font-family: __Roboto_097080, __Noto_Serif_Bengali_cb7f83; font-size: 14px; letter-spacing: normal; text-align: justify; word-spacing: 4px;\">অসাধারণ তার ভাষাশৈলী, সজীব ও প্রাণবন্ত তার বর্ণনাভঙ্গি, অথচ একই সঙ্গে রসবোধে টইটুম্বুর । একদিকে দার্শনিকের প্রজ্ঞা অন্যদিকে কবিত্বের সৌন্দর্য আর শক্তিতে প্রসাদগুণসম্পন্ন এই বইটিতে আবদুল্লাহ আবু সায়ীদ লিখে। রাখছেন তার সময় আর স্বদেশ আর স্বগ্রহের বিশ্বস্ত বয়ান, লিখে রেখে যাচ্ছেন একমহতী উপন্যাসের মতো দেশকালের প্রেক্ষাপটে ব্যক্তিমানুষের বেড়ে ওঠার ব্যক্তিগত কাহিনী—জীবন সম্পর্কে এক অভিজ্ঞ মানুষের ব্যাখ্যা। সবটা মিলিয়ে এই গ্রন্থ আমাদের সময়ের একটি শ্রেষ্ঠ বই হিসেবে। সমাদৃত হবে কালের পাঠশালায়—এই আশা মোটেও বেশি কিছু নয়।</span></p>', 'বহে জলবতী ধারা- ১ম খণ্ড', 'বহে জলবতী ধারা- ১ম খণ্ড', '[\"\\u0986\\u09a4\\u09cd\\u09ae\\u099c\\u09c0\\u09ac\\u09a8\\u09c0\"]', 221, '2014-02-01', 0, '9844584355', 'upload/book-images/7ba420c27_7605.jpg', 0, 0, 0, '2025-02-22 14:03:28', '2025-02-22 14:03:28'),
(14, 1, 2, 6, 1, 1, 1, 'হিমু', 'himu342', 240, 180, 25, 44, 1, 'হিমু আমার প্রিয় চরিত্রের একটি। যখন হিমুকে নিয়ে কিছু লিখি -নিজেকেই হিমু মনে হয়, এক ধরনের ঘোর অনুভব করি। এই ব্যাপারটা অন্য কোনো লেখার সময় তেমন করে ঘটে না। হিমুকে নিয়ে আমার প্রথম লেখা ময়ূরাক্ষি। ময়ূরাক্ষি লেখার সময় ব্যাপারটা প্রখম লক্ষ্য করি। দ্বিতীয়বার লিখলাম দরজার ওপাশে । তখনো একই ব্যাপার। কেন এরকম হয়? মানুষ হিসেবে আমি যুক্তিবাদী। হিমুর যুক্তিহীন, রহস্যময় জগৎ একজন যুক্তিবাদীকে কেন আকর্ষণ করবে? আমার জানা নেই। যদি কখনো জানতে পারি-পাঠকদের জানাবো।', '<p><span style=\"color: rgb(33, 37, 41); font-family: HindSiliguriRegular; font-size: 14px; letter-spacing: normal;\">হিমু আমার প্রিয় চরিত্রের একটি। যখন হিমুকে নিয়ে কিছু লিখি -নিজেকেই হিমু মনে হয়, এক ধরনের ঘোর অনুভব করি। এই ব্যাপারটা অন্য কোনো লেখার সময় তেমন করে ঘটে না। হিমুকে নিয়ে আমার প্রথম লেখা ময়ূরাক্ষি। ময়ূরাক্ষি লেখার সময় ব্যাপারটা প্রখম লক্ষ্য করি। দ্বিতীয়বার লিখলাম দরজার ওপাশে । তখনো একই ব্যাপার। কেন এরকম হয়? মানুষ হিসেবে আমি যুক্তিবাদী। হিমুর যুক্তিহীন, রহস্যময় জগৎ একজন যুক্তিবাদীকে কেন আকর্ষণ করবে? আমার জানা নেই। যদি কখনো জানতে পারি-পাঠকদের জানাবো।</span></p><p><span style=\"color: rgb(33, 37, 41); font-family: HindSiliguriRegular; font-size: 14px; letter-spacing: normal;\">-হুমায়ুন আহমেদ</span></p>', 'হিমু', 'হিমু', '[\"\\u09b9\\u09bf\\u09ae\\u09c1 \\u09b8\\u09bf\\u09b0\\u09bf\\u099c\",\"\\u09b9\\u09c1\\u09ae\\u09be\\u09df\\u09c1\\u09a8 \\u0986\\u09b9\\u09ae\\u09c7\\u09a6\"]', 96, '2012-02-01', 0, 'dsfsdafgsdf', 'upload/book-images/0e743778fca4_1277.gif', 0, 0, 0, '2025-02-22 14:11:03', '2025-02-22 14:11:03'),
(15, 5, 15, 13, 11, 1, 0, 'আদমবোমা', 'fgfgf', 650, 488, 25, 15, 1, '‘যে কোন মূল্যে’ স্বাধীনতা ও সার্বভৌমত্ব রক্ষা করিতে হইবে। এই শপথবাক্য নিত্য যাঁহারা উচ্চারণ করিয়া থাকেন তাহারা নিজেদের বলিয়া থাকেন ‘স্বাধীনতার অতন্দ্র প্রহরী’। সবার উপরে স্বাধীনতা সত্য', '<div class=\"summary-description active\" id=\"js--summary-description\">‘যে কোন মূল্যে’ স্বাধীনতা ও সার্বভৌমত্ব রক্ষা করিতে হইবে। এই শপথবাক্য নিত্য যাঁহারা উচ্চারণ করিয়া থাকেন তাহারা নিজেদের বলিয়া থাকেন ‘স্বাধীনতার অতন্দ্র প্রহরী’। সবার উপরে স্বাধীনতা সত্য, তাহার উপরে নাই। স্বাধীনতার নিকট শুদ্ধ প্রাণ নহে, খোদ ন্যায়বিচারও তুচ্ছ। এমনকি পরমাণু বোমার বিস্ফোরণ ঘটাইতে হইলেও স্বাধীনতা রক্ষা করা ন্যায্য। যাঁহারা এই দাবি তোলেন তাঁহাদের্ অপর নাম প্রকৃত প্রস্তাবে ‘স্বাধীনতা-ব্যবসায়ী’ বা লিবারেল। <br> <br>এই বইয়ের ১৮টি প্রবন্ধে সলিমুল্লাহ খান নানান দিক হইতে প্রশ্ন তুলিয়াছেন লিবারেলিজম বা স্বাধীনতা-ব্যবসায় মতবাদটি কেন এই স্ববিরোধে পরিপূর্ণ। তাঁহার বিচারে আদমবোমা শুদ্ধ পদার্থ নহে, পদও বটে। পদ ও পদার্থ যেখানে একাকার হয় তাহাকে বলে সম্বল বা সিম্বল। আত্মহত্যা করিয়া কেহ স্বাধীন হয় না এ কথা সত্য কিন্তু আত্মহত্যার সম্ভাবনা হিসাবে না লইলে স্বাধীনতার কোনো ভিত্তিই থাকে না। মহাত্মা গান্ধি হইতে স্যার বিদিয়াধর সুরজপ্রসাদ নাইপল, পণ্ডিত এডোয়ার্ড সায়িদ হইতে কবি শামসুর রাহমান পর্যন্ত স্বাধীনতা-ব্যবসায়ের নানান রূপ এই বইতে দেখানো হইয়াছে। <br> <br>তাহা হইলে মানব জাতির ভবিষ্যত কী? </div>', 'আদমবোমা', 'আদমবোমা', '[\"\\u09ac\\u09bf\\u09ac\\u09bf\\u09a7 \\u09ac\\u09bf\\u09b7\\u09df\\u0995 \\u09aa\\u09cd\\u09b0\\u09ac\\u09a8\\u09cd\\u09a7\"]', 293, '2013-02-05', 0, '9789840415847', 'upload/book-images/47fd7dd90_2367.jpg', 0, 0, 0, '2025-02-23 23:12:33', '2025-02-23 23:12:33');
INSERT INTO `books` (`id`, `category_id`, `sub_category_id`, `publisher_id`, `author_id`, `language_id`, `book_series_id`, `name`, `code`, `regular_price`, `selling_price`, `discount`, `stock`, `status`, `short_description`, `long_description`, `meta_title`, `meta_description`, `tags`, `pages`, `published_date`, `book_format`, `isbn`, `image`, `hit_count`, `sales_count`, `feature_status`, `created_at`, `updated_at`) VALUES
(16, 5, 15, 13, 11, 1, 0, 'স্বাধীনতা ব্যবসায়', 'fgfgfGFGF', 950, 713, 25, 20, 1, '\"স্বাধীনতা ব্যবসায়\" বইয়ের কিছু কথাঃ ইতিহাস কারখানা গ্রন্থমালার তৃতীয় ভাগ প্রকাশ পেয়েছে স্বাধীনতা ব্যবসায় নামে। স্বাধীনতা ব্যবসায় বইটির সব লেখাই পূর্বপ্রকাশিত। এই ইতিহাস কারখানার', '<div class=\"summary-description active\" id=\"js--summary-description\"><b>\"স্বাধীনতা ব্যবসায়\" বইয়ের কিছু কথাঃ</b> ইতিহাস কারখানা গ্রন্থমালার তৃতীয় ভাগ প্রকাশ পেয়েছে স্বাধীনতা ব্যবসায় নামে। স্বাধীনতা ব্যবসায় বইটির সব লেখাই পূর্বপ্রকাশিত। এই ইতিহাস কারখানার প্রথম ভাগের চুম্বক অংশ ছিল ইরাক যুদ্ধ। একই ধাঁচে বলতে ফিলিস্তিন আর আফগানিস্তানের প্রতিরোধ সংগ্রাম ছিল দ্বিতীয় ভাগের ভরকেন্দ্র।<br> সে অনুসারে স্বাধীনতা ব্যবসায়ী বুলির আড়ালে জগৎজোড়া ন্যায় বিসর্জনের যে মহামারি, তাহাই স্বাধীনতা ব্যবসায় বৃত্তের পরিধি। এই বইয়ে সলিমুল্লাহ খান জাঁ-জাক রুশো থেকে মিশেল ফুকো দি ক্লদ লেবিস্ত্রোস অবধি কাউকে ছেড়ে কথা বলেননি। মাহাত্মা গান্ধী থেকে নাসির আলী মামুন প্রভৃতি মনীষীর চিন্তা আমলে নিয়ে দেখেছেন তাঁদের অনেকের চিন্তাই স্বাধীনতা ব্যবসায় অতিক্রম করেনি। </div>', 'স্বাধীনতা ব্যবসায়', 'স্বাধীনতা ব্যবসায়', '[\"\\u09ac\\u09bf\\u09ac\\u09bf\\u09a7 \\u09ac\\u09bf\\u09b7\\u09df\\u0995 \\u09aa\\u09cd\\u09b0\\u09ac\\u09a8\\u09cd\\u09a7\"]', 440, '2013-02-26', 0, '9789840415830', 'upload/book-images/imgrok_9746.gif', 0, 0, 0, '2025-02-24 00:01:34', '2025-02-24 00:01:34'),
(17, 5, 15, 13, 11, 1, 0, 'সত্য সাদ্দাম হোসেন ও স্রাজেরদৌলা', 'fgfgHHH', 300, 225, 25, 45, 1, 'ফ্ল্যাপে লেখা কিছু কথা সাম্রাজ্যবাদ কী বস্তু? এই প্রশ্নের উত্তরে পর্তুগিজ শাসনাধীন গিনি বিসাউ ও সবুজ কেপের নেতা আমিলকার কাব্রাল একবার বলিয়াছিলেন, সাম্রাজ্যবাদ হইতেছে সেই মাল যাহা', '<div class=\"summary-description active\" id=\"js--summary-description\"><b>ফ্ল্যাপে লেখা কিছু কথা</b> সাম্রাজ্যবাদ কী বস্তু? এই প্রশ্নের উত্তরে পর্তুগিজ শাসনাধীন গিনি বিসাউ ও সবুজ কেপের নেতা আমিলকার কাব্রাল একবার বলিয়াছিলেন, সাম্রাজ্যবাদ হইতেছে সেই মাল যাহার নিকৃষ্টিতম উদাহরণ জার্মানির নাৎসি সৈরতন্ত্র। নাৎসিদের পরাজয়ের পর ফরাসি শাসনাধীন মার্তিনিকের কবি ও রাষ্ট্রনেতা এমে সেজার লিখিয়াছিলেন, ইউরোপ ও আমেরিকার স্বাধীনতা ব্যবসায়ীরা নাৎসীদের অনুসৃত নীতি বহুদিন ধরিয়া তাঁহাদের অধীন দেশে দেশে প্রয়োগ করিয়া আসিতেছেন। হিটলারের দোষ এয়ুরোপীয় বর্বরতা তিনি খোদ এয়ুরোপবক্ষে টানিয়া আনিলেন। এমে সেজারের বাক্য নতুন করিয়া সত্য প্রমাণ করিল ২০০৩ নাগাদ এরাকে মার্কিন দস্যুতার কূটনীতি জয়লাভের পথ খোলাসা করিয়াছিল। মার্কিননীতির সমথ্যকরা সাদ্দাম স্বৈরশাসক বলিয়া দেশে দেশে প্রচার করিতেছিলেন। একই প্রচার ১৮ ও ১৯ শতকে নবাব সুবেদার সিরাজুদ্দৌলার বিরুদ্ধেও চলিয়াছিল। মৃণায় কৃঞ্চিতনাসা সুশীল সমাজ তাঁহার নাম উচ্চারণ করিতেন ‘সাজেরদৌলা।’ সাম্রাজ্যবাদী প্রচারণা যুদ্ধ কী নোংরা হইতে পারে তাহার স্বরূপ যৎকিঞ্চিত উদঘাটন করিতেছে এই বই।এই সংস্করণে একটি নতুন অধ্যায় যোগ হইয়াছে। ইংরেজ সর্দারের পত্রাবলি ঘাঁটিয়া ইহা দেখাইতেছে সিরাজুদ্দৌলার ঘাতক শুদ্ধ মোহাম্মদী বেগ বা মিরন একলা নহে। তাঁহার আসল ঘাতকের নাম লর্ড রবার্ট ক্লাইব।<br><br><b>সূচিপত্র</b><br><br><b>বিয়োগ</b><br>*ইরাক, আরব জাতীয়তাবাদ ও সাদ্দাম হোসেন<br>*দাসত্ব অর্থ স্বাধীনতা<br>*সত্য সাদ্দাম হোসেন ও স্রাজেরদৌলা<br>*নবাব সিরাজুদ্দৌরা : ইতিহাস ও ভাবমূর্তি<br>*সিরাজুদ্দৌলার মৃত্যু : উপন্যাস ও ইতিহাস<br><b>ভাগ</b><br>*দুইনীতিপরায়ণ দেরিদা ও একনীতিবাদী বাদিয়ু<br>*জাক দেবিদার ত্রাসনীতি : বিচার না বায়োয়ারি<br>*নীতির নতুন জামা : এয়ুরোপে বর্ণবাদ<br><b>যোগ</b><br>* পুরানা সেই দিনের কথা ও অন্যান্য কবিতা -হ্যারল্ড পিন্টার<br>*ভগবান প্রেস্টোক ও ঘুরঘুট্টি আফ্রিকা : টার্জান কেচ্ছার রাজনীতি-জন নিউসিঙ্গার<br>*বোধিনী<br>*দোহাই </div>', 'সত্য সাদ্দাম হোসেন ও স্রাজেরদৌলা', 'সত্য সাদ্দাম হোসেন ও স্রাজেরদৌলা', '[\"\\u09ac\\u09bf\\u09ac\\u09bf\\u09a7 \\u09ac\\u09bf\\u09b7\\u09df\\u0995 \\u09aa\\u09cd\\u09b0\\u09ac\\u09a8\\u09cd\\u09a7\"]', 128, '2015-02-12', 0, '9789840417599', 'upload/book-images/efafa2ed9_2366.jpeg', 0, 0, 0, '2025-02-24 00:05:18', '2025-02-24 00:05:18'),
(18, 5, 15, 13, 11, 1, 0, 'আহমদ ছফা সঞ্জীবনী', 'fgfgJJJ', 800, 600, 25, 30, 1, 'আহমদ ছফা জাতীয় সাহিত্যের মূল হইতে আসিয়াছিলেন এবংসেখানেই ফিরিয়া গিয়াছেন। আমাদের জাতীয় সাহিত্য হইতে তাঁহাকে আলাদা করা যাইবে না। ১৯৭১ সনের অভিজ্ঞতা আমাদের জাত.', '<div class=\"summary-description active\" id=\"js--summary-description\"> <b>আহমদ ছফা সঞ্জীবনী</b><br> আহমদ ছফা জাতীয় সাহিত্যের মূল হইতে আসিয়াছিলেন এবংসেখানেই ফিরিয়া গিয়াছেন। আমাদের জাতীয় সাহিত্য হইতে তাঁহাকে আলাদা করা যাইবে না। ১৯৭১ সনের অভিজ্ঞতা আমাদের জাতীয় সাহিত্যের সংজ্ঞা সামান্য বড় করিয়াছে। স্যার আশুতোষ মুখোপাধ্যায় কিংবা রবীন্দ্রনাথ ঠাকুর ‘জাতীয় সাহিত্য’ বলিতে যাহা বুঝাইতেন আজ আমরা ঠিক তাহা বুঝি না, একটু অতিরিক্ত বুঝিয়া থাকি। ইহার নাম ১৯৭১। ১৯৭১ সনের যুদ্ধকে কেহ বলেন ‘মুক্তিযুদ্ধ’ কেহ বা ‘স্বাধীনতা যুদ্ধ’। কেহ ইহাকে ‘বিপ্লব’ বলিয়া বিড়ম্বিত করেন না। আহমদ ছফা এই যুদ্ধকে মধ্যে মধ্যে বিপ্লব বলিয়া ভ্রম করিতেন। এইটুকুই হয়তো অতিরিক্ত।<br> বাংলার জাতীয় সাহিত্য বলিতে তাই আমরা উত্তর দক্ষিণ পূর্ব পশ্চিম ঊর্ধ্ব অধঃ ছয় বাংলা মাত্র দেখি না। কিংবা বুঝি না শুদ্ধ বৌদ্ধ খ্রিস্টান কি হিন্দু মুসলমান পুরাণ। আমাদের জাতীয় সাহিত্য ইহাদের যোগফলের সামান্য অধিক। এই অধিকই আহমদ ছফার মধ্যে বিশেষ হইয়াছে। যে পুস্তক পাঠ করিলে ইহা বুঝিতে পারা যায় তাহার নাম আহমদ ছফা সঞ্জীবনী। <br><br> <b>জাতীয় সাহিত্য ১</b><br> সলিমুল্লাহ খানের লেখা গ্রন্থমালার মধ্যে বাংলায় ‘জাক লাকাঁ বিদ্যালয়’ ও ‘ইতিহাস কারখানা’ আর ইংরেজিতে ‘একবালনামা’। এক্ষণে তাঁহার ভাষা ও সাহিত্য বিষয়ক লেখা লইয়া আরেকটি গ্রন্থমালা। নাম ‘জাতীয় সাহিত্য’।<br> সাহিত্য যেমন শুদ্ধ সাহিত্য নহে ভাষাও, তেমনি ‘জাতীয়’ মানেও নিছক বাংলা সাহিত্য নহে, স্বদেশি বিদেশি নির্বিশেষে ‘জনসাধারণের’ সাহিত্য। আরো কাদামাখা ভাষায় ‘ছোটলোকের’ সাহিত্য। জাতি বলিতে আমরা সাধারণত ছোটলোক বুঝিয়া থাকি। আমাদের কাছে জাতীয় সাহিত্য মানে তাই ছোটলোকের তথা সাধারণের সাহিত্য। আহমদ ছফার রচনা কিংবা তাঁহার স্মৃতি লইয়া সলিমুল্লাহ খান অদ্যাবধি যাহা কিছু লিখিয়াছেন তাহা দিয়া জাতীয় সাহিত্য গ্রন্থমালার প্রথম গ্রন্থ আহমদ ছফা সঞ্জীবনী। এই গ্রন্থমালার দ্বিতীয় ও তৃতীয় গ্রন্থ যথাক্রমে বাংলামদ এবং বাংলার মুসলমানি নামে বাহির হইবে বলিয়া আশা করা যায়।<br> আহমদ ছফা সঞ্জীবনী গ্রন্থে সব মিলাইয়া একুশটি প্রবন্ধ। বিষয়বস্তু অনুসারে এই সংগ্রহের চার ভাগ। রচনার ব্যাপ্তি ৩৩ বৎসর। আহমদ ছফার দুইটি ১৯৭১-প্রবন্ধ হিসাবে ধরিলে ভাগ পাঁচ, ব্যাপ্তি ৩৯। </div>', 'আহমদ ছফা সঞ্জীবনী', 'আহমদ ছফা সঞ্জীবনী', '[\"\\u09ac\\u09bf\\u09ac\\u09bf\\u09a7 \\u09ac\\u09bf\\u09b7\\u09df\\u0995 \\u09aa\\u09cd\\u09b0\\u09ac\\u09a8\\u09cd\\u09a7\"]', 383, '2020-11-18', 0, '9789840415854', 'upload/book-images/8779248de_1894.jpg', 0, 0, 0, '2025-02-24 00:09:39', '2025-02-24 00:09:39'),
(19, 5, 16, 14, 11, 1, 0, 'আ মরি আহমদ ছফা', 'fgfgPPP', 650, 450, 31, 16, 1, 'বাংলাদেশের সাম্প্রতিক রাজনৈতিক পরিবর্তনের জেরে অনেক বেশি প্রাসঙ্গিক হইয়া উঠিয়াছে আহমদ ছফার ‘বাঙালী মুসলমানের মন’ (১৯৭৬) নামক প্রবন্ধ। বর্তমান গ্রন্থের বিষ...', '<span style=\"color: black;\">বাংলাদেশের সাম্প্রতিক রাজনৈতিক পরিবর্তনের জেরে অনেক বেশি প্রাসঙ্গিক হইয়া উঠিয়াছে আহমদ ছফার ‘বাঙালী মুসলমানের মন’ (১৯৭৬) নামক প্রবন্ধ। বর্তমান গ্রন্থের বিষয় এই প্রবন্ধের দোষগুণ বিচার। এখানে সলিমুল্লাহ খান তাঁহার গুরু আহমদ ছফাকে কিছু গুরুতর প্রশ্নে রীতিমত কাঠগড়ায় দাঁড় করাইয়াছেন।</span>', 'আ মরি আহমদ ছফা', 'আ মরি আহমদ ছফা', '[\"\\u09b8\\u09be\\u09b9\\u09bf\\u09a4\\u09cd\\u09af \\u0993 \\u09b8\\u09be\\u09b9\\u09bf\\u09a4\\u09cd\\u09af\\u09bf\\u0995 \\u09ac\\u09bf\\u09b7\\u09df\\u0995 \\u09aa\\u09cd\\u09b0\\u09ac\\u09a8\\u09cd\\u09a7\"]', 256, '2024-08-09', 0, '9789849423386', 'upload/book-images/Aa_Mari_Ahmed_Sofa-Salimullah_Khan_-66c32-445141.jpg', 0, 0, 0, '2025-02-24 00:24:00', '2025-02-24 00:24:00'),
(20, 5, 17, 14, 11, 1, 0, 'ঠাকুরের মাৎস্যন্যায়', 'fgfgRRR', 450, 350, 22, 12, 1, '১৯৪৭ সালের দেশভাগ যে সমস্ত কারণে ঘটিয়াছিল তাহাদের পূর্ণ বিকাশ ঘটে বিশ শতকের তৃতীয় দশকে। দুঃখের মধ্যে, এই পরিণতির পিছনে অপার্থিব প্রতিভার অধিকারী রবীন্দ্রনাথ ঠাকুরের ভূমিকা আজ পর্যন্ত যথ', '<div class=\"summary-description active\" id=\"js--summary-description\">১৯৪৭ সালের দেশভাগ যে সমস্ত কারণে ঘটিয়াছিল তাহাদের পূর্ণ বিকাশ ঘটে বিশ শতকের তৃতীয় দশকে। দুঃখের মধ্যে, এই পরিণতির পিছনে অপার্থিব প্রতিভার অধিকারী রবীন্দ্রনাথ ঠাকুরের ভূমিকা আজ পর্যন্ত যথাযথ বিশ্লেষণের সম্মুখীন হয় নাই। ‘ভদ্রলোক’ মতাদর্শের সমালোচক পরিচয়ে খ্যাতিমান বিদ্বান পার্থসারথি গুপ্ত, সুমন্ত বন্দ্যোপাধ্যায় কিংবা জয়া চট্টোপাধ্যায় কেহই এই প্রশ্নে উপযুক্ত হস্তক্ষেপ করেন নাই। <br> ‘রক্ত’ আর ‘খুন’ বিষয়ক বাদানুবাদের সূত্র ধরিয়া সলিমুল্লাহ খান দেখাইয়াছেন, সাম্প্রদায়িকতা প্রশ্নে ‘ভদ্রলোক’ মতাদর্শের অনুসারী রবীন্দ্রনাথের অবদান অপরিণামদর্শী ছিল বলিলে কম বলা হয়। ১৯৪৭ সালে সহি বড় বাংলাদেশের যে ঐতিহাসিক বিভাজন তাহার পিছনে একটা বড় ভূমিকা পালন করিয়াছে ঠাকুরের মাৎস্যন্যায়।</div>', 'ঠাকুরের মাৎস্যন্যায়', 'ঠাকুরের মাৎস্যন্যায়', '[\"\\u09b8\\u09be\\u09b9\\u09bf\\u09a4\\u09cd\\u09af \\u09b8\\u09ae\\u09be\\u09b2\\u09cb\\u099a\\u09a8\\u09be \\u09ac\\u09bf\\u09b7\\u09df\\u0995 \\u09aa\\u09cd\\u09b0\\u09ac\\u09a8\\u09cd\\u09a7\"]', 159, '2023-06-15', 0, '9789849423331', 'upload/book-images/Thakurer_Matsyanyaya_Bhasha_Shikshay_Sam-Salimullah_Khan_-3c495-287698.jpg', 0, 0, 0, '2025-02-24 00:29:31', '2025-02-24 00:29:31'),
(21, 5, 19, 13, 11, 1, 0, 'আহমদ ছফার স্বদেশ', 'fgfgBB', 1200, 900, 25, 20, 1, '“আহমদ ছফার স্বদেশ\" বইটির ফ্ল্যাপ এর লেখাঃ\r\n১৯৭০ সালের গােড়ার দিকে আহমদ ছফার। সম্পাদনায় সাহিত্য পত্রিকা ‘স্বদেশ প্রকাশিত হইয়াছিল। মাত্র তিন সংখ্যা প্রকাশের পর পত্রিকাটির প্র...', '<div class=\"summary-description active\" id=\"js--summary-description\"><b>“আহমদ ছফার স্বদেশ\" বইটির ফ্ল্যাপ এর লেখাঃ<br></b> ১৯৭০ সালের গােড়ার দিকে আহমদ ছফার। সম্পাদনায় সাহিত্য পত্রিকা ‘স্বদেশ প্রকাশিত হইয়াছিল। মাত্র তিন সংখ্যা প্রকাশের পর পত্রিকাটির প্রকাশনা বন্ধ হইয়া যায়। প্রায় অর্ধ-শতাব্দী পর এখানে সেই তিনটি সংখ্যা হুবহু। পুনর্মুদ্রিত হইল । পুনর্মুদ্রণ উপলক্ষে সলিমুল্লাহ খান লিখিত একপ্রস্ত পর্যালােচনাও ভূমিকাস্বরূপ মুদ্রিত। হইতেছে। এই পুনমুদ্রণের সহিত কয়েক প্রস্ত নির্দেশিকাও সংযুক্ত করা হইল।</div>', 'আহমদ ছফার স্বদেশ', 'আহমদ ছফার স্বদেশ', '[\"\\u09aa\\u09cd\\u09b0\\u09ac\\u09a8\\u09cd\\u09a7: \\u0995\\u09b2\\u09be\\u09ae \\u09b8\\u0982\\u0997\\u09cd\\u09b0\\u09b9\\/\\u09b8\\u0982\\u0995\\u09b2\\u09a8\"]', 334, '2015-06-23', 0, '9789840417971', 'upload/book-images/5a11f3b14_96609.jpg', 0, 0, 0, '2025-02-24 00:46:33', '2025-02-24 00:46:33');

-- --------------------------------------------------------

--
-- Table structure for table `book_series`
--

CREATE TABLE `book_series` (
  `id` bigint(20) UNSIGNED NOT NULL,
  `author_id` int(11) NOT NULL,
  `name` varchar(255) NOT NULL,
  `description` text NOT NULL,
  `status` tinyint(4) NOT NULL,
  `created_at` timestamp NULL DEFAULT NULL,
  `updated_at` timestamp NULL DEFAULT NULL
) ENGINE=InnoDB DEFAULT CHARSET=utf8mb4 COLLATE=utf8mb4_unicode_ci;

--
-- Dumping data for table `book_series`
--

INSERT INTO `book_series` (`id`, `author_id`, `name`, `description`, `status`, `created_at`, `updated_at`) VALUES
(1, 1, 'হিমু সিরিজ', '<p style=\"margin: 0.5em 0px 1em; color: rgb(32, 33, 34); font-family: sans-serif; font-size: 16px; font-style: normal; font-variant-ligatures: normal; font-variant-caps: normal; font-weight: 400; letter-spacing: normal; orphans: 2; text-align: start; text-indent: 0px; text-transform: none; widows: 2; word-spacing: 0px; -webkit-text-stroke-width: 0px; white-space: normal; background-color: rgb(255, 255, 255); text-decoration-thickness: initial; text-decoration-style: initial; text-decoration-color: initial;\">হিমু&nbsp;বাংলাদেশের কথাসাহিত্যিক&nbsp;<a href=\"https://bn.wikipedia.org/wiki/%E0%A6%B9%E0%A7%81%E0%A6%AE%E0%A6%BE%E0%A6%AF%E0%A6%BC%E0%A7%81%E0%A6%A8_%E0%A6%86%E0%A6%B9%E0%A6%AE%E0%A7%87%E0%A6%A6\" class=\"mw-redirect\" title=\"হুমায়ুন আহমেদ\" style=\"text-decoration: none; color: var(--color-progressive,#36c); background: none; border-radius: 2px; overflow-wrap: break-word;\">হুমায়ুন আহমেদ</a>&nbsp;সৃষ্ট একটি জনপ্রিয় কাল্পনিক চরিত্র। হিমু মূলত একজন বেকার যুবক&nbsp;; যার আচরণে বেখেয়ালী, জীবনযাপনে ছন্নছাড়া ও বৈষয়িক ব্যাপারে সম্পূর্ণ উদাসীন ভাব প্রকাশ পায়। চাকরির সুযোগ থাকলেও সে চাকরি কখনো করে না বলেই সে বেকার। তার অস্বাভাবিক চরিত্রের মধ্যে সে হলুদ পাঞ্জাবি পরে খালি পায়ে রাস্তাঘাটে দিন-রাত ঘুরে বেড়ায় এবং মাঝে মাঝে ভবিষ্যদ্বাণী করে মানুষকে চমকে দেয়।</p><p style=\"margin: 0.5em 0px 1em; color: rgb(32, 33, 34); font-family: sans-serif; font-size: 16px; font-style: normal; font-variant-ligatures: normal; font-variant-caps: normal; font-weight: 400; letter-spacing: normal; orphans: 2; text-align: start; text-indent: 0px; text-transform: none; widows: 2; word-spacing: 0px; -webkit-text-stroke-width: 0px; white-space: normal; background-color: rgb(255, 255, 255); text-decoration-thickness: initial; text-decoration-style: initial; text-decoration-color: initial;\">নব্বই দশকে হিমুর প্রথম উপন্যাস&nbsp;<a href=\"https://bn.wikipedia.org/wiki/%E0%A6%AE%E0%A6%AF%E0%A6%BC%E0%A7%82%E0%A6%B0%E0%A6%BE%E0%A6%95%E0%A7%8D%E0%A6%B7%E0%A7%80\" class=\"mw-disambig\" title=\"ময়ূরাক্ষী\" style=\"text-decoration: none; color: var(--color-progressive,#36c); background: none; border-radius: 2px; overflow-wrap: break-word;\">ময়ূরাক্ষী</a>&nbsp;প্রকাশিত হয়। প্রাথমিক সাফল্যের পর&nbsp;হিমু&nbsp;চরিত্র বিচ্ছিন্নভাবে হুমায়ুন আহমেদের বিভিন্ন উপন্যাসে প্রকাশিত হতে থাকে।&nbsp;হিমু&nbsp;ও&nbsp;<a href=\"https://bn.wikipedia.org/wiki/%E0%A6%AE%E0%A6%BF%E0%A6%B8%E0%A6%BF%E0%A6%B0_%E0%A6%86%E0%A6%B2%E0%A6%BF\" title=\"মিসির আলি\" style=\"text-decoration: none; color: var(--color-progressive,#36c); background: none; border-radius: 2px; overflow-wrap: break-word;\">মিসির আলি</a>&nbsp;হুমায়ুন আহমেদ সৃষ্ট সর্বাধিক জনপ্রিয় দু’টি কাল্পনিক চরিত্র। উদাসীন হিমু একবিংশ শতাব্দীর প্রথম দশকের বাঙালি তরুণদের ব্যাপকভাবে অনুপ্রাণিত করেছিল।</p><p></p>', 1, '2025-01-18 23:55:26', '2025-01-18 23:55:26'),
(2, 1, 'মিসির আলি সিরিজ', '<p><b style=\"color: rgb(32, 33, 34); font-family: sans-serif; font-size: 16px; font-style: normal; font-variant-ligatures: normal; font-variant-caps: normal; letter-spacing: normal; orphans: 2; text-align: start; text-indent: 0px; text-transform: none; widows: 2; word-spacing: 0px; -webkit-text-stroke-width: 0px; white-space: normal; background-color: rgb(255, 255, 255); text-decoration-thickness: initial; text-decoration-style: initial; text-decoration-color: initial;\">মিসির আলি</b><span style=\"color: rgb(32, 33, 34); font-family: sans-serif; font-size: 16px; font-style: normal; font-variant-ligatures: normal; font-variant-caps: normal; font-weight: 400; letter-spacing: normal; orphans: 2; text-align: start; text-indent: 0px; text-transform: none; widows: 2; word-spacing: 0px; -webkit-text-stroke-width: 0px; white-space: normal; background-color: rgb(255, 255, 255); text-decoration-thickness: initial; text-decoration-style: initial; text-decoration-color: initial; display: inline !important; float: none;\">, বাংলাদেশের প্রখ্যাত ঔপন্যাসিক<span>&nbsp;</span></span><a href=\"https://bn.wikipedia.org/wiki/%E0%A6%B9%E0%A7%81%E0%A6%AE%E0%A6%BE%E0%A6%AF%E0%A6%BC%E0%A7%82%E0%A6%A8_%E0%A6%86%E0%A6%B9%E0%A6%AE%E0%A7%87%E0%A6%A6\" title=\"হুমায়ূন আহমেদ\" style=\"text-decoration: none; color: var(--color-progressive,#36c); background: none rgb(255, 255, 255); border-radius: 2px; overflow-wrap: break-word; font-family: sans-serif; font-size: 16px; font-style: normal; font-variant-ligatures: normal; font-variant-caps: normal; font-weight: 400; letter-spacing: normal; orphans: 2; text-align: start; text-indent: 0px; text-transform: none; widows: 2; word-spacing: 0px; -webkit-text-stroke-width: 0px; white-space: normal;\">হুমায়ূন আহমেদ</a><span style=\"color: rgb(32, 33, 34); font-family: sans-serif; font-size: 16px; font-style: normal; font-variant-ligatures: normal; font-variant-caps: normal; font-weight: 400; letter-spacing: normal; orphans: 2; text-align: start; text-indent: 0px; text-transform: none; widows: 2; word-spacing: 0px; -webkit-text-stroke-width: 0px; white-space: normal; background-color: rgb(255, 255, 255); text-decoration-thickness: initial; text-decoration-style: initial; text-decoration-color: initial; display: inline !important; float: none;\"><span>&nbsp;</span>সৃষ্ট একটি জনপ্রিয় চরিত্র। মিসির আলি কাহিনীগুলো রহস্যমাত্রিক। মিসির আলির কাহিনীগ‌ুলো ঠিক গোয়েন্দা কাহিনী নয়, কিংবা \'ক্রাইম ফিকশন\' বা \'থ্রিলার\'-এর মতো খুনি-পুলিশের ধাওয়া-পাল্টা-ধাওয়া নয়, বরং মনস্তাত্ত্বিক, বিজ্ঞাননির্ভর এবং যুক্তিনির্ভর কাহিনীর বুনটে বাঁধা। অনেক ক্ষেত্রে একে রহস্যগল্প বলা চলে। চারিত্রিক দিক দিয়ে মিসির আলি চরিত্রটি হুমায়ূন আহমেদের আরেক অনবদ্য সৃষ্টি<span>&nbsp;</span></span><a href=\"https://bn.wikipedia.org/wiki/%E0%A6%B9%E0%A6%BF%E0%A6%AE%E0%A7%81\" class=\"mw-redirect\" title=\"হিমু\" style=\"text-decoration: none; color: var(--color-progressive,#36c); background: none rgb(255, 255, 255); border-radius: 2px; overflow-wrap: break-word; font-family: sans-serif; font-size: 16px; font-style: normal; font-variant-ligatures: normal; font-variant-caps: normal; font-weight: 400; letter-spacing: normal; orphans: 2; text-align: start; text-indent: 0px; text-transform: none; widows: 2; word-spacing: 0px; -webkit-text-stroke-width: 0px; white-space: normal;\">হিমু</a><span style=\"color: rgb(32, 33, 34); font-family: sans-serif; font-size: 16px; font-style: normal; font-variant-ligatures: normal; font-variant-caps: normal; font-weight: 400; letter-spacing: normal; orphans: 2; text-align: start; text-indent: 0px; text-transform: none; widows: 2; word-spacing: 0px; -webkit-text-stroke-width: 0px; white-space: normal; background-color: rgb(255, 255, 255); text-decoration-thickness: initial; text-decoration-style: initial; text-decoration-color: initial; display: inline !important; float: none;\"><span>&nbsp;</span>চরিত্রটির পুরোপুরি বিপরীত। তরুণ হিমু চলে প্রতি-যুক্তির (anti-logic) তাড়নায়, অপরপক্ষে বয়োজ্যেষ্ঠ মিসির আলি অনুসরণ করেন বিশ‌ুদ্ধ যুক্তি (pure logic)। এই যুক্তিই মিসির আলিকে রহস্যময় জগতের প্রকৃত স্বরূপ উদঘাটনে সাহায্য করে। সেসব কাহিনীর প্রতিফলন ঘটেছে মিসির আলি সম্পর্কিত প্রতিটি উপন্যাসে।</span></p>', 1, '2025-01-18 23:55:58', '2025-01-18 23:55:58');

-- --------------------------------------------------------

--
-- Table structure for table `cache`
--

CREATE TABLE `cache` (
  `key` varchar(255) NOT NULL,
  `value` mediumtext NOT NULL,
  `expiration` int(11) NOT NULL
) ENGINE=InnoDB DEFAULT CHARSET=utf8mb4 COLLATE=utf8mb4_unicode_ci;

--
-- Dumping data for table `cache`
--

INSERT INTO `cache` (`key`, `value`, `expiration`) VALUES
('2b5db94d9cbfa3832ddfff13db30cc2e', 'i:1;', 1740341128),
('2b5db94d9cbfa3832ddfff13db30cc2e:timer', 'i:1740341128;', 1740341128),
('alamgir@gmail.com|::1', 'i:1;', 1740341128),
('alamgir@gmail.com|::1:timer', 'i:1740341128;', 1740341128),
('c525a5357e97fef8d3db25841c86da1a', 'i:1;', 1740369348),
('c525a5357e97fef8d3db25841c86da1a:timer', 'i:1740369348;', 1740369348),
('eef95f658febcee12b41ea8ec1bace29', 'i:1;', 1740372679),
('eef95f658febcee12b41ea8ec1bace29:timer', 'i:1740372678;', 1740372678);

-- --------------------------------------------------------

--
-- Table structure for table `cache_locks`
--

CREATE TABLE `cache_locks` (
  `key` varchar(255) NOT NULL,
  `owner` varchar(255) NOT NULL,
  `expiration` int(11) NOT NULL
) ENGINE=InnoDB DEFAULT CHARSET=utf8mb4 COLLATE=utf8mb4_unicode_ci;

-- --------------------------------------------------------

--
-- Table structure for table `categories`
--

CREATE TABLE `categories` (
  `id` bigint(20) UNSIGNED NOT NULL,
  `name` varchar(255) NOT NULL,
  `status` tinyint(4) NOT NULL,
  `description` text DEFAULT NULL,
  `image` text DEFAULT NULL,
  `created_at` timestamp NULL DEFAULT NULL,
  `updated_at` timestamp NULL DEFAULT NULL,
  `home_status` tinyint(4) NOT NULL DEFAULT 0
) ENGINE=InnoDB DEFAULT CHARSET=utf8mb4 COLLATE=utf8mb4_unicode_ci;

--
-- Dumping data for table `categories`
--

INSERT INTO `categories` (`id`, `name`, `status`, `description`, `image`, `created_at`, `updated_at`, `home_status`) VALUES
(1, 'উপন্যাস', 1, 'উপন্যাস', 'upload/category-images/icons8-book.gif', '2025-01-18 23:45:31', '2025-01-18 23:45:31', 1),
(2, 'গল্প', 1, 'গল্প', 'upload/category-images/not found.png', '2025-01-29 22:08:53', '2025-01-29 22:08:53', 1),
(3, 'আত্ম-উন্নয়নমূলক বই', 1, 'আত্ম-উন্নয়নমূলক বই', 'upload/category-images/not found.png', '2025-01-30 00:33:33', '2025-01-30 00:33:33', 0),
(4, 'জীবনী', 1, 'জীবনী', 'upload/category-images/rokomari_logo.webp', '2025-02-22 13:59:09', '2025-02-22 13:59:09', 0),
(5, 'প্রবন্ধ', 1, 'প্রবন্ধ', 'upload/category-images/pngtree-no-image-vector-illustration-isolated-png-image_1694547.jpg', '2025-02-23 23:00:23', '2025-02-23 23:00:23', 0);

-- --------------------------------------------------------

--
-- Table structure for table `couriers`
--

CREATE TABLE `couriers` (
  `id` bigint(20) UNSIGNED NOT NULL,
  `name` varchar(255) NOT NULL,
  `email` varchar(255) NOT NULL,
  `mobile` varchar(255) NOT NULL,
  `address` text DEFAULT NULL,
  `image` text DEFAULT NULL,
  `created_at` timestamp NULL DEFAULT NULL,
  `updated_at` timestamp NULL DEFAULT NULL
) ENGINE=InnoDB DEFAULT CHARSET=utf8mb4 COLLATE=utf8mb4_unicode_ci;

--
-- Dumping data for table `couriers`
--

INSERT INTO `couriers` (`id`, `name`, `email`, `mobile`, `address`, `image`, `created_at`, `updated_at`) VALUES
(2, 'Sundarban', 'sundarban@gmail.com', '54345', 'Dhaka', 'upload/courier-images/logo.png', '2025-02-15 08:00:50', '2025-02-15 08:00:50'),
(3, 'SA Probibahan', 'saprobibahan@gmail.com', '324324324', 'Dhaka', 'upload/courier-images/logo.png', '2025-02-16 08:26:54', '2025-02-16 08:26:54'),
(4, 'Korotoa', 'Korotoa@gmail.com', '23432423', 'Dhaka', 'upload/courier-images/logo.png', '2025-02-16 08:27:19', '2025-02-16 08:27:19');

-- --------------------------------------------------------

--
-- Table structure for table `customers`
--

CREATE TABLE `customers` (
  `id` bigint(20) UNSIGNED NOT NULL,
  `name` varchar(255) NOT NULL,
  `email` varchar(255) NOT NULL,
  `mobile` varchar(255) NOT NULL,
  `password` varchar(255) NOT NULL,
  `image` text DEFAULT NULL,
  `blood_group` varchar(255) DEFAULT NULL,
  `date_of_birth` varchar(255) DEFAULT NULL,
  `nid` varchar(255) DEFAULT NULL,
  `address` text DEFAULT NULL,
  `created_at` timestamp NULL DEFAULT NULL,
  `updated_at` timestamp NULL DEFAULT NULL
) ENGINE=InnoDB DEFAULT CHARSET=utf8mb4 COLLATE=utf8mb4_unicode_ci;

--
-- Dumping data for table `customers`
--

INSERT INTO `customers` (`id`, `name`, `email`, `mobile`, `password`, `image`, `blood_group`, `date_of_birth`, `nid`, `address`, `created_at`, `updated_at`) VALUES
(1, 'Mehedi Hasan', 'admin@gmail.com', '01732356464', '$2y$12$7x3kYwOdSbB9N/yOJvZmg.ALMAUu/gCOUVqPrAyuSt3gSrGdycS5e', 'upload/customer-images/FB_IMG_16877884585861003[191]-removebg-preview.jpg', NULL, NULL, NULL, NULL, '2025-01-29 22:06:14', '2025-01-29 22:06:14'),
(2, 'Alamgir Hossen', 'alamgir@gmail.com', '435345', '$2y$12$SxswwLyfrpqx5FOddc4MKeAAHPnDPIE/Gc3c1VQ.wcskGiuEF/FS6', 'upload/customer-images/avator.png', 'A+', '2025-02-24', NULL, 'Noakhali', '2025-02-23 13:10:53', '2025-02-23 13:31:45');

-- --------------------------------------------------------

--
-- Table structure for table `failed_jobs`
--

CREATE TABLE `failed_jobs` (
  `id` bigint(20) UNSIGNED NOT NULL,
  `uuid` varchar(255) NOT NULL,
  `connection` text NOT NULL,
  `queue` text NOT NULL,
  `payload` longtext NOT NULL,
  `exception` longtext NOT NULL,
  `failed_at` timestamp NOT NULL DEFAULT current_timestamp()
) ENGINE=InnoDB DEFAULT CHARSET=utf8mb4 COLLATE=utf8mb4_unicode_ci;

-- --------------------------------------------------------

--
-- Table structure for table `jobs`
--

CREATE TABLE `jobs` (
  `id` bigint(20) UNSIGNED NOT NULL,
  `queue` varchar(255) NOT NULL,
  `payload` longtext NOT NULL,
  `attempts` tinyint(3) UNSIGNED NOT NULL,
  `reserved_at` int(10) UNSIGNED DEFAULT NULL,
  `available_at` int(10) UNSIGNED NOT NULL,
  `created_at` int(10) UNSIGNED NOT NULL
) ENGINE=InnoDB DEFAULT CHARSET=utf8mb4 COLLATE=utf8mb4_unicode_ci;

-- --------------------------------------------------------

--
-- Table structure for table `job_batches`
--

CREATE TABLE `job_batches` (
  `id` varchar(255) NOT NULL,
  `name` varchar(255) NOT NULL,
  `total_jobs` int(11) NOT NULL,
  `pending_jobs` int(11) NOT NULL,
  `failed_jobs` int(11) NOT NULL,
  `failed_job_ids` longtext NOT NULL,
  `options` mediumtext DEFAULT NULL,
  `cancelled_at` int(11) DEFAULT NULL,
  `created_at` int(11) NOT NULL,
  `finished_at` int(11) DEFAULT NULL
) ENGINE=InnoDB DEFAULT CHARSET=utf8mb4 COLLATE=utf8mb4_unicode_ci;

-- --------------------------------------------------------

--
-- Table structure for table `languages`
--

CREATE TABLE `languages` (
  `id` bigint(20) UNSIGNED NOT NULL,
  `name` varchar(255) NOT NULL,
  `status` tinyint(4) NOT NULL,
  `created_at` timestamp NULL DEFAULT NULL,
  `updated_at` timestamp NULL DEFAULT NULL
) ENGINE=InnoDB DEFAULT CHARSET=utf8mb4 COLLATE=utf8mb4_unicode_ci;

--
-- Dumping data for table `languages`
--

INSERT INTO `languages` (`id`, `name`, `status`, `created_at`, `updated_at`) VALUES
(1, 'বাংলা', 1, '2025-01-18 23:56:13', '2025-01-18 23:56:13');

-- --------------------------------------------------------

--
-- Table structure for table `migrations`
--

CREATE TABLE `migrations` (
  `id` int(10) UNSIGNED NOT NULL,
  `migration` varchar(255) NOT NULL,
  `batch` int(11) NOT NULL
) ENGINE=InnoDB DEFAULT CHARSET=utf8mb4 COLLATE=utf8mb4_unicode_ci;

--
-- Dumping data for table `migrations`
--

INSERT INTO `migrations` (`id`, `migration`, `batch`) VALUES
(1, '2025_01_17_052603_create_books_table', 1),
(2, '0001_01_01_000000_create_users_table', 2),
(3, '0001_01_01_000001_create_cache_table', 2),
(4, '0001_01_01_000002_create_jobs_table', 2),
(5, '2025_01_07_070312_add_two_factor_columns_to_users_table', 2),
(6, '2025_01_07_070345_create_personal_access_tokens_table', 2),
(7, '2025_01_09_032209_create_categories_table', 2),
(8, '2025_01_13_123727_create_sub_categories_table', 2),
(9, '2025_01_14_130719_create_products_table', 2),
(10, '2025_01_14_150832_create_other_images_table', 2),
(11, '2025_01_16_093027_create_publishers_table', 2),
(12, '2025_01_16_102924_create_authors_table', 2),
(13, '2025_01_16_132714_create_languages_table', 2),
(14, '2025_01_16_144854_create_book_series_table', 2),
(15, '2025_01_29_190744_create_customers_table', 3),
(16, '2025_01_31_083728_add_home_status_column_to_categories_table', 4),
(17, '2025_01_31_084003_create_orders_table', 5),
(18, '2025_01_31_084017_create_order_details_table', 5),
(19, '2025_02_15_132705_create_couriers_table', 6),
(20, '2025_02_16_145758_add_mobile_column_to_users_table', 7);

-- --------------------------------------------------------

--
-- Table structure for table `orders`
--

CREATE TABLE `orders` (
  `id` bigint(20) UNSIGNED NOT NULL,
  `customer_id` int(11) NOT NULL,
  `courier_id` int(11) NOT NULL DEFAULT 0,
  `order_total` int(11) NOT NULL,
  `tax_total` int(11) NOT NULL,
  `shipping_total` int(11) NOT NULL,
  `order_date` text NOT NULL,
  `order_timestamp` text NOT NULL,
  `order_status` varchar(255) NOT NULL DEFAULT 'Pending',
  `delivery_address` text NOT NULL,
  `delivery_date` text DEFAULT NULL,
  `delivery_timestamp` text DEFAULT NULL,
  `delivery_status` varchar(255) NOT NULL DEFAULT 'Pending',
  `payment_amount` int(11) NOT NULL DEFAULT 0,
  `payment_date` text DEFAULT NULL,
  `payment_timestamp` text DEFAULT NULL,
  `payment_status` varchar(255) NOT NULL DEFAULT 'Pending',
  `payment_method` varchar(255) NOT NULL,
  `currency` text NOT NULL DEFAULT 'BDT',
  `transaction_id` text DEFAULT NULL,
  `created_at` timestamp NULL DEFAULT NULL,
  `updated_at` timestamp NULL DEFAULT NULL
) ENGINE=InnoDB DEFAULT CHARSET=utf8mb4 COLLATE=utf8mb4_unicode_ci;

--
-- Dumping data for table `orders`
--

INSERT INTO `orders` (`id`, `customer_id`, `courier_id`, `order_total`, `tax_total`, `shipping_total`, `order_date`, `order_timestamp`, `order_status`, `delivery_address`, `delivery_date`, `delivery_timestamp`, `delivery_status`, `payment_amount`, `payment_date`, `payment_timestamp`, `payment_status`, `payment_method`, `currency`, `transaction_id`, `created_at`, `updated_at`) VALUES
(2, 1, 0, 346, 0, 100, '2025-01-31', '1738281600', 'Pending', 'Dhaka', NULL, NULL, 'Pending', 0, NULL, NULL, 'Pending', 'Cash', 'BDT', NULL, '2025-01-31 03:38:31', '2025-01-31 03:38:31'),
(3, 1, 0, 346, 0, 100, '2025-01-31', '1738281600', 'Pending', 'Dhaka', NULL, NULL, 'Pending', 0, NULL, NULL, 'Pending', 'Cash', 'BDT', NULL, '2025-01-31 03:42:06', '2025-01-31 03:42:06'),
(4, 1, 1, 400, 0, 100, '2025-02-05', '1738713600', 'Processing', 'Dhaka', NULL, NULL, 'Processing', 0, NULL, NULL, 'Processing', 'Cash', 'BDT', NULL, '2025-02-05 09:00:05', '2025-02-05 09:19:05'),
(5, 1, 3, 216, 0, 100, '2025-02-06', '1738800000', 'Processing', 'dhaka', NULL, NULL, 'Processing', 0, NULL, NULL, 'Processing', 'Cash', 'BDT', NULL, '2025-02-06 08:06:14', '2025-02-16 08:47:23'),
(6, 1, 0, 10, 100, 100, '2025-02-07', '1738886400', 'Pending', 'Customer Address', NULL, NULL, 'Pending', 0, NULL, NULL, 'Pending', 'Online', 'BDT', '67a6523cd8c07', NULL, NULL),
(7, 1, 0, 460, 0, 100, '2025-02-07', '1738886400', 'Pending', 'dhaka', NULL, NULL, 'Pending', 0, NULL, NULL, 'Pending', 'Online', 'BDT', '67a6567e95d46', NULL, NULL),
(8, 1, 0, 881, 0, 100, '2025-02-07', '1738886400', 'Pending', 'fgdfgfdg', NULL, NULL, 'Pending', 0, NULL, NULL, 'Pending', 'Online', 'BDT', '67a6583474d86', NULL, NULL),
(9, 1, 0, 216, 0, 100, '2025-02-07', '1738886400', 'Pending', 'edsfsd', NULL, NULL, 'Pending', 0, NULL, NULL, 'Pending', 'Online', 'BDT', '67a658bbbe5a9', NULL, NULL),
(10, 1, 0, 230, 0, 100, '2025-02-07', '1738886400', 'Processing', 'rgtvfdg', NULL, NULL, 'Pending', 0, NULL, NULL, 'Pending', 'Online', 'BDT', '67a65919b6c61', NULL, NULL),
(11, 1, 0, 358, 0, 100, '2025-02-08', '1738972800', 'Processing', 'test', NULL, NULL, 'Pending', 0, NULL, NULL, 'Pending', 'Online', 'BDT', '67a70b1a3843e', NULL, NULL),
(12, 1, 0, 457, 0, 100, '2025-02-08', '1738972800', 'Processing', 'test2', NULL, NULL, 'Pending', 0, NULL, NULL, 'Complete', 'Online', 'BDT', '67a70f1c9db1e', NULL, NULL),
(13, 1, 0, 10, 100, 100, '2025-02-09', '1739059200', 'Pending', 'Customer Address', NULL, NULL, 'Pending', 0, NULL, NULL, 'Pending', 'Online', 'BDT', '67a8dca24a9e6', NULL, NULL),
(14, 1, 0, 789, 0, 100, '2025-02-09', '1739059200', 'Processing', 'dsfsd', NULL, NULL, 'Pending', 0, NULL, NULL, 'Complete', 'Online', 'BDT', '67a8f2d381418', NULL, NULL),
(15, 1, 0, 250, 0, 100, '2025-02-09', '1739059200', 'Processing', 'dsf', NULL, NULL, 'Pending', 0, NULL, NULL, 'Complete', 'Online', 'BDT', '67a8f327247bd', NULL, NULL),
(16, 1, 0, 476, 0, 100, '2025-02-22', '1740182400', 'Processing', 'dhaka', NULL, NULL, 'Pending', 0, NULL, NULL, 'Complete', 'Online', 'BDT', '67ba1465a3aaf', NULL, NULL),
(17, 2, 0, 280, 0, 100, '2025-02-23', '1740268800', 'Cancel', 'Noakhali', NULL, NULL, 'Cancel', 0, NULL, NULL, 'Cancel', 'Cash', 'BDT', NULL, '2025-02-23 13:34:19', '2025-02-23 13:59:43'),
(18, 2, 0, 590, 0, 100, '2025-02-23', '1740268800', 'Pending', 'dhaka', NULL, NULL, 'Pending', 0, NULL, NULL, 'Pending', 'Cash', 'BDT', NULL, '2025-02-23 13:36:59', '2025-02-23 13:36:59'),
(19, 2, 0, 590, 0, 100, '2025-02-23', '1740268800', 'Pending', 'dhaka', NULL, NULL, 'Pending', 0, NULL, NULL, 'Pending', 'Cash', 'BDT', NULL, '2025-02-23 13:37:54', '2025-02-23 13:37:54'),
(20, 1, 0, 720, 0, 100, '2025-02-24', '1740355200', 'Pending', 'dhaka', NULL, NULL, 'Pending', 0, NULL, NULL, 'Pending', 'Online', 'BDT', '67bbec1943be8', NULL, NULL),
(21, 1, 0, 720, 0, 100, '2025-02-24', '1740355200', 'Pending', 'dhaka', NULL, NULL, 'Pending', 0, NULL, NULL, 'Pending', 'Online', 'BDT', '67bbec31ea5cd', NULL, NULL),
(22, 1, 0, 720, 0, 100, '2025-02-24', '1740355200', 'Pending', 'dhaka', NULL, NULL, 'Pending', 0, NULL, NULL, 'Pending', 'Online', 'BDT', '67bbecf2d950a', NULL, NULL),
(23, 1, 0, 720, 0, 100, '2025-02-24', '1740355200', 'Processing', 'dhaka', NULL, NULL, 'Pending', 0, NULL, NULL, 'Complete', 'Online', 'BDT', '67bbed37abf51', NULL, NULL),
(24, 1, 0, 1030, 0, 100, '2025-02-24', '1740355200', 'Pending', 'dhaka', NULL, NULL, 'Pending', 0, NULL, NULL, 'Pending', 'Cash', 'BDT', NULL, '2025-02-23 22:05:44', '2025-02-23 22:05:44'),
(25, 1, 0, 1900, 0, 100, '2025-02-24', '1740355200', 'Processing', 'Khak', NULL, NULL, 'Pending', 0, NULL, NULL, 'Complete', 'Online', 'BDT', '67bbf03d81014', NULL, NULL);

-- --------------------------------------------------------

--
-- Table structure for table `order_details`
--

CREATE TABLE `order_details` (
  `id` bigint(20) UNSIGNED NOT NULL,
  `order_id` int(11) NOT NULL,
  `product_id` int(11) NOT NULL,
  `product_name` varchar(255) NOT NULL,
  `product_price` int(11) NOT NULL,
  `product_qty` int(11) NOT NULL,
  `created_at` timestamp NULL DEFAULT NULL,
  `updated_at` timestamp NULL DEFAULT NULL
) ENGINE=InnoDB DEFAULT CHARSET=utf8mb4 COLLATE=utf8mb4_unicode_ci;

--
-- Dumping data for table `order_details`
--

INSERT INTO `order_details` (`id`, `order_id`, `product_id`, `product_name`, `product_price`, `product_qty`, `created_at`, `updated_at`) VALUES
(1, 2, 8, 'ইচ্ছা পূরণ', 116, 1, '2025-01-31 03:38:31', '2025-01-31 03:38:31'),
(2, 2, 5, 'তালনবমী', 130, 1, '2025-01-31 03:38:31', '2025-01-31 03:38:31'),
(3, 3, 8, 'ইচ্ছা পূরণ', 116, 1, '2025-01-31 03:42:06', '2025-01-31 03:42:06'),
(4, 3, 5, 'তালনবমী', 130, 1, '2025-01-31 03:42:06', '2025-01-31 03:42:06'),
(5, 4, 2, 'ময়ূরাক্ষী', 150, 2, '2025-02-05 09:00:05', '2025-02-05 09:00:05'),
(6, 5, 8, 'ইচ্ছা পূরণ', 116, 1, '2025-02-06 08:06:14', '2025-02-06 08:06:14'),
(7, 12, 7, 'সুরাইয়া', 241, 1, '2025-02-08 02:00:28', '2025-02-08 02:00:28'),
(8, 12, 8, 'ইচ্ছা পূরণ', 116, 1, '2025-02-08 02:00:28', '2025-02-08 02:00:28'),
(9, 14, 8, 'ইচ্ছা পূরণ', 116, 1, '2025-02-09 12:24:19', '2025-02-09 12:24:19'),
(10, 14, 1, 'দেয়াল', 338, 1, '2025-02-09 12:24:19', '2025-02-09 12:24:19'),
(11, 14, 3, 'পথের পাঁচালী', 235, 1, '2025-02-09 12:24:19', '2025-02-09 12:24:19'),
(12, 15, 2, 'ময়ূরাক্ষী', 150, 1, '2025-02-09 12:25:43', '2025-02-09 12:25:43'),
(13, 16, 5, 'তালনবমী', 130, 2, '2025-02-22 12:16:05', '2025-02-22 12:16:05'),
(14, 16, 8, 'ইচ্ছা পূরণ', 116, 1, '2025-02-22 12:16:05', '2025-02-22 12:16:05'),
(15, 17, 14, 'হিমু', 180, 1, '2025-02-23 13:34:19', '2025-02-23 13:34:19'),
(16, 18, 14, 'হিমু', 180, 1, '2025-02-23 13:36:59', '2025-02-23 13:36:59'),
(17, 18, 13, 'বহে জলবতী ধারা- ১ম খণ্ড', 310, 1, '2025-02-23 13:36:59', '2025-02-23 13:36:59'),
(18, 19, 14, 'হিমু', 180, 1, '2025-02-23 13:37:54', '2025-02-23 13:37:54'),
(19, 19, 13, 'বহে জলবতী ধারা- ১ম খণ্ড', 310, 1, '2025-02-23 13:37:54', '2025-02-23 13:37:54'),
(20, 20, 13, 'বহে জলবতী ধারা- ১ম খণ্ড', 310, 2, '2025-02-23 21:48:41', '2025-02-23 21:48:41'),
(21, 21, 13, 'বহে জলবতী ধারা- ১ম খণ্ড', 310, 2, '2025-02-23 21:49:06', '2025-02-23 21:49:06'),
(22, 22, 13, 'বহে জলবতী ধারা- ১ম খণ্ড', 310, 2, '2025-02-23 21:52:18', '2025-02-23 21:52:18'),
(23, 23, 13, 'বহে জলবতী ধারা- ১ম খণ্ড', 310, 2, '2025-02-23 21:53:27', '2025-02-23 21:53:27'),
(24, 24, 13, 'বহে জলবতী ধারা- ১ম খণ্ড', 310, 3, '2025-02-23 22:05:44', '2025-02-23 22:05:44'),
(25, 25, 12, 'মহাকাল', 600, 3, '2025-02-23 22:06:21', '2025-02-23 22:06:21');

-- --------------------------------------------------------

--
-- Table structure for table `other_images`
--

CREATE TABLE `other_images` (
  `id` bigint(20) UNSIGNED NOT NULL,
  `book_id` int(11) NOT NULL,
  `image` text NOT NULL,
  `created_at` timestamp NULL DEFAULT NULL,
  `updated_at` timestamp NULL DEFAULT NULL
) ENGINE=InnoDB DEFAULT CHARSET=utf8mb4 COLLATE=utf8mb4_unicode_ci;

--
-- Dumping data for table `other_images`
--

INSERT INTO `other_images` (`id`, `book_id`, `image`, `created_at`, `updated_at`) VALUES
(1, 1, 'upload/book-other-images/book-page 3.jpg', '2025-01-19 00:22:33', '2025-01-19 00:22:33'),
(2, 1, 'upload/book-other-images/book-page 2.jpg', '2025-01-19 00:22:33', '2025-01-19 00:22:33'),
(3, 1, 'upload/book-other-images/book-page.jpg', '2025-01-19 00:22:33', '2025-01-19 00:22:33'),
(4, 1, 'upload/book-other-images/deal.jpg', '2025-01-19 00:22:33', '2025-01-19 00:22:33'),
(5, 2, 'upload/book-other-images/mourakki.gif', '2025-01-19 00:39:02', '2025-01-19 00:39:02'),
(6, 2, 'upload/book-other-images/book-page 2.jpg', '2025-01-19 00:39:02', '2025-01-19 00:39:02'),
(7, 2, 'upload/book-other-images/book-page.jpg', '2025-01-19 00:39:02', '2025-01-19 00:39:02'),
(8, 3, 'upload/book-other-images/pother .jpg', '2025-01-19 00:49:13', '2025-01-19 00:49:13'),
(9, 3, 'upload/book-other-images/book-page 2.jpg', '2025-01-19 00:49:13', '2025-01-19 00:49:13'),
(10, 3, 'upload/book-other-images/book-page.jpg', '2025-01-19 00:49:13', '2025-01-19 00:49:13'),
(11, 4, 'upload/book-other-images/ছোটদের সেরা গল্প.png', '2025-01-29 22:32:06', '2025-01-29 22:32:06'),
(12, 4, 'upload/book-other-images/book-page 3.jpg', '2025-01-29 22:32:06', '2025-01-29 22:32:06'),
(13, 4, 'upload/book-other-images/book-page 2.jpg', '2025-01-29 22:32:06', '2025-01-29 22:32:06'),
(14, 4, 'upload/book-other-images/book-page.jpg', '2025-01-29 22:32:06', '2025-01-29 22:32:06'),
(15, 5, 'upload/book-other-images/Talonbomi-Bibhutibhusan_Bandopadhyay.jpg', '2025-01-29 23:32:32', '2025-01-29 23:32:32'),
(16, 5, 'upload/book-other-images/book-page 2.jpg', '2025-01-29 23:32:32', '2025-01-29 23:32:32'),
(17, 5, 'upload/book-other-images/book-page.jpg', '2025-01-29 23:32:32', '2025-01-29 23:32:32'),
(18, 6, 'upload/book-other-images/660d65059_8225.jpg', '2025-01-29 23:47:30', '2025-01-29 23:47:30'),
(19, 6, 'upload/book-other-images/book-page 2.jpg', '2025-01-29 23:47:30', '2025-01-29 23:47:30'),
(20, 6, 'upload/book-other-images/book-page.jpg', '2025-01-29 23:47:30', '2025-01-29 23:47:30'),
(21, 7, 'upload/book-other-images/Suraiya-Shibobroto_Bormon-538e7-230735.jpg', '2025-01-30 00:01:33', '2025-01-30 00:01:33'),
(22, 7, 'upload/book-other-images/book-page 2.jpg', '2025-01-30 00:01:33', '2025-01-30 00:01:33'),
(23, 7, 'upload/book-other-images/book-page.jpg', '2025-01-30 00:01:33', '2025-01-30 00:01:33'),
(24, 8, 'upload/book-other-images/faffe454dcb4_129446.jpg', '2025-01-30 00:15:56', '2025-01-30 00:15:56'),
(25, 8, 'upload/book-other-images/book-page 2.jpg', '2025-01-30 00:15:56', '2025-01-30 00:15:56'),
(26, 8, 'upload/book-other-images/book-page.jpg', '2025-01-30 00:15:56', '2025-01-30 00:15:56'),
(27, 9, 'upload/book-other-images/116d2bd54_143032.jpg', '2025-01-30 00:32:06', '2025-01-30 00:32:06'),
(28, 9, 'upload/book-other-images/book-page 2.jpg', '2025-01-30 00:32:06', '2025-01-30 00:32:06'),
(29, 9, 'upload/book-other-images/book-page.jpg', '2025-01-30 00:32:06', '2025-01-30 00:32:06'),
(33, 11, 'upload/book-other-images/2709df3d7_233692-1.jpg', '2025-02-22 13:44:22', '2025-02-22 13:44:22'),
(34, 11, 'upload/book-other-images/61ee6638b_233692-2.jpg', '2025-02-22 13:44:22', '2025-02-22 13:44:22'),
(35, 11, 'upload/book-other-images/2303551.jpg', '2025-02-22 13:44:22', '2025-02-22 13:44:22'),
(36, 12, 'upload/book-other-images/b7bbd0a01_287164-1.jpg', '2025-02-22 13:52:41', '2025-02-22 13:52:41'),
(37, 12, 'upload/book-other-images/Mohakal-Dibakor_Das-5f0ae-287164.jpg', '2025-02-22 13:52:41', '2025-02-22 13:52:41'),
(38, 13, 'upload/book-other-images/fd5f5f86a_7605-1.jpg', '2025-02-22 14:03:28', '2025-02-22 14:03:28'),
(39, 13, 'upload/book-other-images/7ba420c27_7605.jpg', '2025-02-22 14:03:28', '2025-02-22 14:03:28'),
(40, 14, 'upload/book-other-images/520e899e4_1277-4.jpg', '2025-02-22 14:11:03', '2025-02-22 14:11:03'),
(41, 14, 'upload/book-other-images/0e743778fca4_1277.gif', '2025-02-22 14:11:03', '2025-02-22 14:11:03'),
(42, 15, 'upload/book-other-images/0542289c2_2367-3.jpg', '2025-02-23 23:12:33', '2025-02-23 23:12:33'),
(43, 15, 'upload/book-other-images/47fd7dd90_2367.jpg', '2025-02-23 23:12:33', '2025-02-23 23:12:33'),
(44, 16, 'upload/book-other-images/94ab8f72d_9746-3.jpg', '2025-02-24 00:01:34', '2025-02-24 00:01:34'),
(45, 16, 'upload/book-other-images/imgrok_9746.gif', '2025-02-24 00:01:34', '2025-02-24 00:01:34'),
(46, 17, 'upload/book-other-images/6ceecf140_2366-3.jpg', '2025-02-24 00:05:18', '2025-02-24 00:05:18'),
(47, 17, 'upload/book-other-images/efafa2ed9_2366.jpeg', '2025-02-24 00:05:19', '2025-02-24 00:05:19'),
(48, 18, 'upload/book-other-images/5404b5558_1894-4.jpg', '2025-02-24 00:09:39', '2025-02-24 00:09:39'),
(49, 18, 'upload/book-other-images/8779248de_1894.jpg', '2025-02-24 00:09:39', '2025-02-24 00:09:39'),
(50, 19, 'upload/book-other-images/d7f30af6c_445141-2.jpg', '2025-02-24 00:24:00', '2025-02-24 00:24:00'),
(51, 19, 'upload/book-other-images/Aa_Mari_Ahmed_Sofa-Salimullah_Khan_-66c32-445141.jpg', '2025-02-24 00:24:00', '2025-02-24 00:24:00'),
(52, 20, 'upload/book-other-images/a29fbb75f_287698-3.jpg', '2025-02-24 00:29:31', '2025-02-24 00:29:31'),
(53, 20, 'upload/book-other-images/Thakurer_Matsyanyaya_Bhasha_Shikshay_Sam-Salimullah_Khan_-3c495-287698.jpg', '2025-02-24 00:29:31', '2025-02-24 00:29:31'),
(54, 21, 'upload/book-other-images/9dbe37445_96609-6.jpg', '2025-02-24 00:46:33', '2025-02-24 00:46:33'),
(55, 21, 'upload/book-other-images/5a11f3b14_96609.jpg', '2025-02-24 00:46:33', '2025-02-24 00:46:33');

-- --------------------------------------------------------

--
-- Table structure for table `password_reset_tokens`
--

CREATE TABLE `password_reset_tokens` (
  `email` varchar(255) NOT NULL,
  `token` varchar(255) NOT NULL,
  `created_at` timestamp NULL DEFAULT NULL
) ENGINE=InnoDB DEFAULT CHARSET=utf8mb4 COLLATE=utf8mb4_unicode_ci;

-- --------------------------------------------------------

--
-- Table structure for table `personal_access_tokens`
--

CREATE TABLE `personal_access_tokens` (
  `id` bigint(20) UNSIGNED NOT NULL,
  `tokenable_type` varchar(255) NOT NULL,
  `tokenable_id` bigint(20) UNSIGNED NOT NULL,
  `name` varchar(255) NOT NULL,
  `token` varchar(64) NOT NULL,
  `abilities` text DEFAULT NULL,
  `last_used_at` timestamp NULL DEFAULT NULL,
  `expires_at` timestamp NULL DEFAULT NULL,
  `created_at` timestamp NULL DEFAULT NULL,
  `updated_at` timestamp NULL DEFAULT NULL
) ENGINE=InnoDB DEFAULT CHARSET=utf8mb4 COLLATE=utf8mb4_unicode_ci;

-- --------------------------------------------------------

--
-- Table structure for table `products`
--

CREATE TABLE `products` (
  `id` bigint(20) UNSIGNED NOT NULL,
  `category_id` int(11) NOT NULL,
  `sub_category_id` int(11) NOT NULL,
  `brand_id` int(11) NOT NULL,
  `unit_id` int(11) NOT NULL,
  `name` varchar(255) NOT NULL,
  `code` varchar(255) NOT NULL,
  `regular_price` double NOT NULL,
  `selling_price` double NOT NULL,
  `stock` int(11) NOT NULL DEFAULT 0,
  `status` tinyint(4) NOT NULL DEFAULT 1,
  `short_description` text DEFAULT NULL,
  `long_description` longtext DEFAULT NULL,
  `meta_title` text DEFAULT NULL,
  `meta_description` text DEFAULT NULL,
  `image` text NOT NULL,
  `created_at` timestamp NULL DEFAULT NULL,
  `updated_at` timestamp NULL DEFAULT NULL
) ENGINE=InnoDB DEFAULT CHARSET=utf8mb4 COLLATE=utf8mb4_unicode_ci;

-- --------------------------------------------------------

--
-- Table structure for table `publishers`
--

CREATE TABLE `publishers` (
  `id` bigint(20) UNSIGNED NOT NULL,
  `name` varchar(255) NOT NULL,
  `status` tinyint(4) NOT NULL,
  `image` text DEFAULT NULL,
  `description` text DEFAULT NULL,
  `created_at` timestamp NULL DEFAULT NULL,
  `updated_at` timestamp NULL DEFAULT NULL
) ENGINE=InnoDB DEFAULT CHARSET=utf8mb4 COLLATE=utf8mb4_unicode_ci;

--
-- Dumping data for table `publishers`
--

INSERT INTO `publishers` (`id`, `name`, `status`, `image`, `description`, `created_at`, `updated_at`) VALUES
(1, 'অন্যপ্রকাশ', 1, 'upload/publisher-images/annaprokash.jpg', '<p>‘সৃজনশীল প্রকাশনায় উৎকর্ষের সন্ধানে\'-এই স্লোগান নিয়ে ১৯৯৭-এর ফেব্রুয়ারিতে আত্মপ্রকাশ করে প্রকাশনা সংস্থা ‘অন্যপ্রকাশ। ঠিক আগের বছরই উদ্যাপিত হয়েছে মুক্তিযুদ্ধের রজতজয়ন্তী। দেশে গণতন্ত্রের অভিযাত্রা শুরু হয়েছে নবরূপে। সর্বত্র নবসৃষ্টির প্রাণময়তা। সেসময় আমাদের দেশে আন্তর্জাতিক মানসম্পন্ন সৃজনশীল প্রকাশনা প্রায় ছিল হাতে গোনা। আমাদের পাঠকসংখ্যা প্রচুর বাড়লেও এবং আন্তর্জাতিকভাবে মুদ্রণ মান বেশ উন্নত হলেও, আমরা মনে করেছিলাম আমাদের দেশের সৃজনশীল প্রকাশনাশিল্প যথেষ্ট অগ্রগতি হয় নি । মুদ্রণ ও বিপণন—দুই ক্ষেত্রেই উন্নতির এক বিশাল সম্ভাবনা তখনো ছিল, এখনো আছে। আমাদের এই বিশ্বাস ও প্রকাশনা জগতে আমাদের অভিজ্ঞতা—এই দুটি বিষয় আমাদের অনুপ্রাণিত করেছে \'অন্যপ্রকাশ\' প্রতিষ্ঠা করতে। প্রতিষ্ঠার পর থেকেই প্রকাশনার উৎকর্ষ সাধনে আমাদের নিরন্তর প্রচেষ্টা, আধুনিক বিপণন ব্যবস্থা এবং প্রকাশক-লেখক পেশাদার সম্পর্কের মাধ্যমে দেশের লেখক-পাঠক-পুস্তক বিক্রেতাসহ সুশীল সমাজের কাছে \'অন্যপ্রকাশ\' এখন একটি মর্যাদাপূর্ণ প্রকাশনা প্রতিষ্ঠান। আমাদের প্রকাশিত গ্রন্থ সংখ্যা প্রায় নয় শতাধিক। দেশের শীর্ষস্থানীয় প্রায় সকল লেখকের বই প্রকাশ করেছে অন্যপ্রকাশ। খ্যাতিমান লেখকদের অধিকাংশ গুরুত্বপূর্ণ বই প্রকাশ করেছি আমরা। কিংবদন্তি কথাসাহিত্যিক হুমায়ূন আহমেদের সকল প্রধান সাহিত্যকর্মের পাশাপাশি তাঁর ১১৬টি মৌলিক ও সংকলন গ্রন্থের প্রকাশক অন্যপ্রকাশ। এছাড়াও অনেক তরুণ কিন্তু প্রতিভাবান লেখকের বইও প্রকাশিত হয়েছে অন্যপ্রকাশ থেকে। প্রবীণের অভিজ্ঞতা আর প্রতিভাদীপ্ত তারুণ্যের প্রকাশক্ষেত্র অন্যপ্রকাশ।</p>', '2025-01-18 23:57:55', '2025-01-18 23:57:55'),
(2, 'অনন্যা', 1, 'upload/publisher-images/anannya.jpg', '<p>সৃজনশীল গ্রন্থ প্রকাশনায় অনন্যা একটি অনন্য নাম। সেরা লেখকের সেরা বইটি প্রকাশ করে ইতোমধ্যে অনন্যা পাঠকের মনে জায়গা করে নিয়েছে। সৃষ্টির শুরু থেকে অদ্যবধি বিষয়বৈচিত্রপূর্ণ গ্রন্থ প্রকাশ করে অনন্যা বাংলা প্রকাশনাকে সমৃদ্ধ করছে। তুমুল জনপ্রিয় লেখক থেকে শুরু করে অনন্যা প্রকাশ করেছে তরুণ লেখকদের বইও। গল্প-উপন্যাস, প্রবন্ধ, নাটক, মুক্তিযুদ্ধ, বঙ্গবন্ধু গবেষণা, আত্মজীবনী, স্মৃতিকথা, কবিতা, শিশুসাহিত্য, ভ্রমণ, অর্থনীতি, সমাজ-সভ্যতা, অনুবাদসহ বিবিধ বিষয়ের উপর অনন্যার বইয়ের সম্ভার পাঠককে আকৃষ্ট করে। পাঠকের সুবিধার্থে দেশে এবং বিদেশের বেশিরভাগ বইমেলাগুলোতে সরব অংশগ্রহণ থাকে অনন্যা’র। তারই ধারাবাহিকতায় দেশের গণ্ডি পেড়িয়ে বিদেশেও বাংলা ভাষাভাষী পাঠকদের মাঝে অনন্যার বই জায়গা করে নিয়েছে। অনন্যা পাঠকদের কথা চিন্তা করেই গ্রন্থ প্রকাশ করে। পুরপুরি আস্থা রেখে সংগ্রহ করুন অনন্যা’র বই। নিজে পড়ুন এবং অন্যকে পড়তে উৎসাহিত করুন, এবং সঙ্গেই থাকুন বাংলা প্রকাশনার উৎকর্ষে।</p>', '2025-01-19 00:33:41', '2025-01-19 00:33:41'),
(3, 'সুচয়নী পাবলিশার্স', 1, 'upload/publisher-images/not found.png', '<p>Not found<br></p>', '2025-01-19 00:45:30', '2025-01-19 00:45:30'),
(4, 'মাওলা ব্রাদার্স', 1, 'upload/publisher-images/maola.jpg', '<div class=\"col-10 \"> <h1 class=\"browse__meta--title\">Mowla Brothers</h1> <p class=\"browse__meta--description js--browse__meta--description\">Mowla Brothers was established in 1954 and it is a renowned book publication house&nbsp;in&nbsp;Bangladesh.</p> </div><p></p>', '2025-01-29 22:21:12', '2025-01-29 22:21:12'),
(5, 'বই অঙ্গন প্রকাশন', 1, 'upload/publisher-images/22e149e2a_15521.png', '<div class=\"col-10 \"> <h1 class=\"browse__meta--title\">Boi Angan Prokashon</h1> <p class=\"browse__meta--description js--browse__meta--description\">বই\r\n হতে পারে সময়ের শ্রেষ্ঠ সঙ্গী। জীবনের আয়ুকালের এক পর্যায়ে এসে মানুষ \r\nবইকেই পরম বন্ধু ভাবে। একজন লেখকের- লেখক হয়ে ওঠার স্বপ্নকে। সমাজে লেখক \r\nহিসেবে প্রতিষ্ঠিত করতে প্রকাশনার ভূমিকা অপরিসীম। তেমনি নির্ভুল তথ্য ও \r\nসঠিক জ্ঞানের নিবিড় পরিচর্যায় প্রকাশনার ভুমিকা অপরিহার্য। সভ্যতা বিকাশে, \r\nসমাজ থেকে কুসংস্কার দূরীকরণে, আদর্শ জাতি হিসেবে গড়ে তুলতে একটি ভালো বই ও\r\n একটি ভালো প্রকাশনার ভুমিকা অস্বীকার করা যায় না। সেই লক্ষ্যকে কেন্দ্র \r\nকরে বই অঙ্গন প্রকাশন নতুন লেখক, নতুন পাঠক ও নতুন পাঠরুচি আরও ব্যাপকভাবে \r\nবাড়াতে সর্বোচ্চ কাজ করছে। লেখা ও লেখনীর ভাষায় সাজাই মন— এই স্লোগান নিয়েই\r\n প্রতিটি পাঠকের হাতে নির্ভুল, সুসম্পাদিত, বৈচিত্র্যপূর্ণ উচ্চ মানসম্পন্ন\r\n লেখা, ছাপা, কাগজ ও বাঁধাইসমৃদ্ধ বই তুলে দিতে চায়। বই অঙ্গন প্রকাশন \r\nবরাবরই পাণ্ডুলিপি নির্বাচন ও বই প্রকাশের ক্ষেত্রে সর্বোচ্চ সতর্কতা \r\nঅবলম্বন করে থাকে। বর্ণবাদ, রাষ্ট্র বিরোধী, ধর্মীয় বিশ্বাসে আঘাত হানে এমন\r\n সব লেখা প্রকাশকে সমর্থন করে না।</p> </div><p></p>', '2025-01-29 23:26:24', '2025-01-29 23:26:24'),
(6, 'প্রতীক প্রকাশনা সংস্থা', 1, 'upload/publisher-images/not found.png', '<p>None<br></p>', '2025-01-29 23:36:24', '2025-01-29 23:36:24'),
(7, 'বিশ্বসাহিত্য কেন্দ্র', 1, 'upload/publisher-images/757026637444_51.jpg', '<div class=\"col-10 \"> <h1 class=\"browse__meta--title\">Bishowsahitto Kendro</h1> <p class=\"browse__meta--description js--browse__meta--description\">বিশ্ব\r\n সাহিত্য কেন্দ্র বাংলাদেশের একটি সামাজিক সংগঠন যার মূল লক্ষ্য কিশোর ও \r\nযুব সমাজকে আলোকিত মানুষ হিসাবে গড়ে তোলা। এই সংগঠনের মূল কৌশল হলো \r\nগ্রন্থপাঠের মাধ্যমে তরুণদের সঠিক পথে পরিচালিত করা। আলোকিত মানুষ চাই \r\nশ্লোগানের উপর ভিত্তি করে সংগঠনটি বাংলাদেশে বই পড়া ও সৎ চিন্তা বিকাশ \r\nঘটানোর জন্য কাজ করে থাকে।</p> </div><p></p>', '2025-01-29 23:43:34', '2025-01-29 23:43:34'),
(8, 'বাতিঘর', 1, 'upload/publisher-images/e097fbc61604_4296.jpg', '<div class=\"col-10 \"> <h1 class=\"browse__meta--title\">Batighar</h1> <p class=\"browse__meta--description js--browse__meta--description\">বইয়ের\r\n প্রকাশক হিসেবে বাতিঘরের যাত্রা শুরু ২০০৯ সালে। সমসাময়িক \r\nকবি-সাহিত্যিকদের বই, ভিন্ন ভাষা থেকে অনূদিত বইয়ের পাশাপাশি ধ্রুপদি ও \r\nদুষ্প্রাপ্য সাহিত্যের মানসম্মত সংস্করণ প্রকাশ করছে বাতিঘর। ইতোমধ্যে \r\n৩৬০টির বেশি বই প্রকাশিত হয়েছে বাতিঘর থেকে। এর মধ্যে প্রায় ১৬০টি বইয়ের \r\nদ্বিতীয় থেকে ষষ্ঠ সংস্করণ পর্যন্ত প্রকাশিত হয়েছে। বাংলাদেশের জাতীয় \r\nবইমেলা বাংলা একাডেমি অমর একুশে বইমেলায় বাতিঘর অংশ নিচ্ছে ২০১৬ সাল থেকে। \r\nবইমেলায় স্টল সজ্জার জন্য একাধিকবার পুরস্কৃত হয়েছে। বাতিঘর থেকে প্রকাশিত \r\nবই দেশের কয়েকটি পুরস্কার অর্জন করেছে। বাতিঘর প্রকাশ করেছে ইতিহাস, \r\nরাজনীতি, আত্মস্মৃতি-আত্মজীবনী-স্মৃতিকথা, মুক্তিযুদ্ধ, সাংবাদিকতা, \r\nউপন্যাস, অনুবাদ উপন্যাস, কাব্যোপন্যাস, সায়েন্স ফিকশন, ছোটগল্প, অনুবাদ \r\nছোটগল্প, কবিতা, অনুবাদ কবিতা, নাটক, নাট্যকাব্য, ধ্রুপদি বই, শিশু-কিশোর \r\nউপযোগী বই, শিশু-কিশোর উপযোগী অনূদিত বই, চলচ্চিত্র, ভ্রমণ, পুরাণ, \r\nশিল্পকলা, জীবনকথা, কিশোর জীবনী, বিজ্ঞান, সংগীত, শিক্ষা, খেলাধুলা \r\nপ্রভৃতি&nbsp;বিষয়ে&nbsp;বই। </p> </div><p></p>', '2025-01-29 23:55:59', '2025-01-29 23:55:59'),
(9, 'রাহনুমা প্রকাশনী', 1, 'upload/publisher-images/images.jpg', '<p>none<br></p>', '2025-01-30 00:25:50', '2025-01-30 00:25:50'),
(11, 'চিরকুট প্রকাশনী', 1, 'upload/publisher-images/chirkut.jpeg', '<p>চিরকুট প্রকাশনী</p>', '2025-02-22 13:37:33', '2025-02-22 13:37:33'),
(12, 'সময় প্রকাশন', 1, 'upload/publisher-images/3b14b7d23_21.png', '<p>সময় প্রকাশন</p>', '2025-02-22 13:57:13', '2025-02-22 13:57:13'),
(13, 'আগামী প্রকাশনী', 1, 'upload/publisher-images/4f5ff7022cc4_7.jpg', 'Agamee Prokashoni\r\nআগামী প্রকাশনী বাংলাদেশের প্রকাশনা জগতের একটি আলোচিত নাম। “মুক্তিযুদ্ধ ও মুক্তচেতনা দুয়ের প্রত্যয়ে আমাদের প্রকাশনা” এই অঙ্গীকার নিয়ে প্রকাশনায় নতুন ধারা সৃষ্টি করেছে। গুরুত্বের সাথে বিভিন্ন বিষয়ে সৃজনশীল, মননশীল, ও গবেষণাধর্মী বই প্রকাশিত হয়। ত্রিশ বছরের জ্ঞান ও দক্ষতায় আগামী প্রকাশনী গুনগত ও মানসম্মত বই প্রকাশ করে চলেছে। বিচিত্র বিষয়ে দেশের শীর্ষস্থানীয় লেখক, কবি, সাহিত্যিক, রাজনীতিক, শিক্ষাবিদ, সাংবাদিক, বুদ্ধিজীবীর প্রতিনিধিত্বশীল ও নির্ভরযোগ্য গ্রন্থের প্রকাশক। আগামী প্রকাশনীর সকল বই পাঠকদের বুদ্ধি ভিত্তিক উৎকর্ষ বৃদ্ধিতে সহায়তা করে। এই প্রকাশনী তার ঐতিহ্যের ধারা বজায় রেখে গভীর চিন্তাশীল ও সব বয়সী পাঠকের জন্য বই প্রকাশ করছে। আগামী প্রকাশনী প্রকাশনা শিল্পে অবদানের জন্য অনেক পুরষ্কার অর্জন করেছে। ২০১৩ সালে বাংলা একাডেমী সর্বাধিক মানসম্মত বই প্রকাশের জন্য আগামী প্রকাশনীকে পুরষ্কৃত করেছে। প্রকাশিত বইয়ের সংখ্যা ২০০০ এর বেশি ।', '2025-02-23 22:59:23', '2025-02-23 22:59:23'),
(14, 'মধুপোক', 1, 'upload/publisher-images/a27e9ed83_5398.jpg', 'মধুপোক ঢাকা হইতে পরিচালিত পুস্তক সম্পাদনা, অনুবাদ, নকশা, প্রকাশনা ও গবেষণা সেবা প্রদানকারী প্রতিষ্ঠান। আমরা ২০১৬ সাল হইতে গুরুত্বপূর্ণ বইপত্র অনুবাদ, সম্পাদনা ও প্রকাশ করিয়া আসিতেছি। সুচারু সম্পাদনা ও উচ্চমানের প্রকাশনা সৌকর্য আমাদের প্রকাশিত বইয়ের অন্যতম বৈশিষ্ট্য। মধুপোকের প্রকাশনা তালিকায় আছে জসীম উদ্‌দীন, আলমগীর কবির, আহমদ ছফা, সলিমুল্লাহ খান প্রমুখ স্বনামধন্য লেখকের একাধিক বই। ইহা ছাড়া দেশি-বিদেশি সংস্থা, লেখক বা প্রকাশক কর্তৃক নিযুক্ত হইয়া আমরা নানাবিধ পুস্তক, পত্রপত্রিকা কিংবা প্রতিবেদন অনুবাদ ও সম্পাদনা করিয়াছি।', '2025-02-24 00:20:01', '2025-02-24 00:20:01'),
(15, 'মিজান পাবলিশার্স', 1, 'upload/publisher-images/51ce22c22_106.jpg', 'Mizan Publishers\r\nদলমত, ধর্ম-বর্ণ বির্বিশেষে মত প্রকাশের স্বাধীনতা প্রতিষ্ঠা করার মহতী উদ্দেশ্যকে সামনে রেখে ‘মিজান পাবলিশার্স’ এর যাত্রা শুরু। সেই মহতী উদ্দেশ্যকে বাস্তবায়িত করার জন্য সকলের সহযোগিতা প্রয়োজন। মুক্তিযুদ্ধের চেতনা বাস্তবায়ন আমাদের অঙ্গীকার এবং দেশপ্রেম আমাদের আদর্শ। আমরা সুস্থ সাহিত্যচর্চার ধারা অবশ্যই মূল্যায়ন করেছি ভালো বই প্রকাশ করে এবং ভবিষ্যতেও সেই ধারাকে মূল্যায়ন করবো। প্রবীণ/নবীন সকল কবি/সাহিত্যক, বুদ্ধিজীবী ও লেখকের বই প্রকাশ করে বাংলা সাহিত্যচর্চার যুগকে প্রতিনিধিত্ব করার সৎসাহস রয়েছে আমাদের। সারাদেশে ছড়িয়ে ছিটিয়ে থাকা প্রতিভাবান ও উদীয়মান লেখকদের বই প্রকাশ করছি এবং সুসাহিত্যিক সৃষ্টির অঙ্গীকার ও রয়েছে আমাদের। কবি/সাহিত্যিকেরা হচ্ছে ইতিহাসের সন্তান। সেই সন্তানদেরকে পৃষ্ঠপোষকতা দিয়ে ‘মিজান পাবলিশার্স’ যুগের যাত্রী হতে চায়। সাহিত্যের যুগ সৃষ্টি করতে চায়। আলহাজ্ব লায়ন আ.ন.ম মিজানুর রহমান পাটওয়ারী পিএমজেএফ', '2025-02-24 00:36:54', '2025-02-24 00:38:03');

-- --------------------------------------------------------

--
-- Table structure for table `sessions`
--

CREATE TABLE `sessions` (
  `id` varchar(255) NOT NULL,
  `user_id` bigint(20) UNSIGNED DEFAULT NULL,
  `ip_address` varchar(45) DEFAULT NULL,
  `user_agent` text DEFAULT NULL,
  `payload` longtext NOT NULL,
  `last_activity` int(11) NOT NULL
) ENGINE=InnoDB DEFAULT CHARSET=utf8mb4 COLLATE=utf8mb4_unicode_ci;

--
-- Dumping data for table `sessions`
--

INSERT INTO `sessions` (`id`, `user_id`, `ip_address`, `user_agent`, `payload`, `last_activity`) VALUES
('FNYIHRG3EOqwTgVJYbcIJ8YWMjo8wOw3GwlAWbLB', 1, '127.0.0.1', 'Mozilla/5.0 (Windows NT 10.0; Win64; x64; rv:135.0) Gecko/20100101 Firefox/135.0', 'YTo1OntzOjY6Il90b2tlbiI7czo0MDoiRzJ3d3pmOWRJcEZlWVM4a2NDclNDUlJWdjhaekh1T1J1azV4SGswTSI7czo5OiJfcHJldmlvdXMiO2E6MTp7czozOiJ1cmwiO3M6NzA6Imh0dHA6Ly9sb2NhbGhvc3QvbGFyYXZlbC1ib29rc2hvcC1lY29tbWVyY2UtcHJvamVjdC9wdWJsaWMvYm9vay9jcmVhdGUiO31zOjY6Il9mbGFzaCI7YToyOntzOjM6Im9sZCI7YTowOnt9czozOiJuZXciO2E6MDp7fX1zOjUwOiJsb2dpbl93ZWJfNTliYTM2YWRkYzJiMmY5NDAxNTgwZjAxNGM3ZjU4ZWE0ZTMwOTg5ZCI7aToxO3M6MjE6InBhc3N3b3JkX2hhc2hfc2FuY3R1bSI7czo2MDoiJDJ5JDEyJHdQOEtUQXJqQVNJcUpBTFZma2hMZk9rcjJldkpWTGVMeS4vL3NVZHFhL0ZEeWIwN0JQUDRlIjt9', 1740371634),
('H4Cz6g24zdPDykymbuxl5g6JeaRHy60h0oCZjApt', NULL, '::1', 'Mozilla/5.0 (Windows NT 10.0; Win64; x64) AppleWebKit/537.36 (KHTML, like Gecko) Chrome/133.0.0.0 Safari/537.36', 'YTo3OntzOjY6Il90b2tlbiI7czo0MDoic2JsdDBPWTc1djBacElpbW5QTzhkVlJPSFRsOVFtMUN4b1o5WG5JUSI7czoyOiJpZCI7aToxO3M6NDoibmFtZSI7czoxMjoiTWVoZWRpIEhhc2FuIjtzOjU6ImVtYWlsIjtzOjE1OiJhZG1pbkBnbWFpbC5jb20iO3M6NToiaW1hZ2UiO3M6NzM6InVwbG9hZC9jdXN0b21lci1pbWFnZXMvRkJfSU1HXzE2ODc3ODg0NTg1ODYxMDAzWzE5MV0tcmVtb3ZlYmctcHJldmlldy5qcGciO3M6NjoiX2ZsYXNoIjthOjI6e3M6MzoibmV3IjthOjA6e31zOjM6Im9sZCI7YTowOnt9fXM6OToiX3ByZXZpb3VzIjthOjE6e3M6MzoidXJsIjtzOjU4OiJodHRwOi8vbG9jYWxob3N0L2xhcmF2ZWwtYm9va3Nob3AtZWNvbW1lcmNlLXByb2plY3QvcHVibGljIjt9fQ==', 1740369252),
('LkGYYRU7lF3P5CvXunKPU7CX1oWMu8HuMSJuzL1G', NULL, '::1', 'Mozilla/5.0 (Windows NT 10.0; Win64; x64) AppleWebKit/537.36 (KHTML, like Gecko) Chrome/133.0.0.0 Safari/537.36', 'YToxMDp7czo5OiJfcHJldmlvdXMiO2E6MTp7czozOiJ1cmwiO3M6NzM6Imh0dHA6Ly9sb2NhbGhvc3QvbGFyYXZlbC1ib29rc2hvcC1lY29tbWVyY2UtcHJvamVjdC9wdWJsaWMvY2hlY2tvdXQvaW5kZXgiO31zOjY6Il9mbGFzaCI7YToyOntzOjM6Im9sZCI7YTowOnt9czozOiJuZXciO2E6MDp7fX1zOjY6Il90b2tlbiI7czo0MDoid1R3TE55UGVVekljWDdBbjJuaUVQSXZvRDF4MHdkN1BhOFhUQVJvNiI7czoyOiJpZCI7aToxO3M6NDoibmFtZSI7czoxMjoiTWVoZWRpIEhhc2FuIjtzOjU6ImVtYWlsIjtzOjE1OiJhZG1pbkBnbWFpbC5jb20iO3M6NToiaW1hZ2UiO3M6NzM6InVwbG9hZC9jdXN0b21lci1pbWFnZXMvRkJfSU1HXzE2ODc3ODg0NTg1ODYxMDAzWzE5MV0tcmVtb3ZlYmctcHJldmlldy5qcGciO3M6NDoiY2FydCI7YToxOntzOjc6ImRlZmF1bHQiO086Mjk6IklsbHVtaW5hdGVcU3VwcG9ydFxDb2xsZWN0aW9uIjoyOntzOjg6IgAqAGl0ZW1zIjthOjE6e3M6MzI6Ijg0ZDFhNTMwYTYzYmNiZTI3NDFjODA1MzAxYzlkOGZiIjtPOjMyOiJHbG91ZGVtYW5zXFNob3BwaW5nY2FydFxDYXJ0SXRlbSI6OTp7czo1OiJyb3dJZCI7czozMjoiODRkMWE1MzBhNjNiY2JlMjc0MWM4MDUzMDFjOWQ4ZmIiO3M6MjoiaWQiO2k6MTM7czozOiJxdHkiO3M6MToiMiI7czo0OiJuYW1lIjtzOjU5OiLgpqzgprngp4cg4Kac4Kay4Kas4Kak4KeAIOCmp+CmvuCmsOCmvi0g4Ken4KauIOCmluCmo+CnjeCmoSI7czo1OiJwcmljZSI7ZDozMTA7czo3OiJvcHRpb25zIjtPOjM5OiJHbG91ZGVtYW5zXFNob3BwaW5nY2FydFxDYXJ0SXRlbU9wdGlvbnMiOjI6e3M6ODoiACoAaXRlbXMiO2E6MTp7czo1OiJpbWFnZSI7czozNzoidXBsb2FkL2Jvb2staW1hZ2VzLzdiYTQyMGMyN183NjA1LmpwZyI7fXM6Mjg6IgAqAGVzY2FwZVdoZW5DYXN0aW5nVG9TdHJpbmciO2I6MDt9czo0OToiAEdsb3VkZW1hbnNcU2hvcHBpbmdjYXJ0XENhcnRJdGVtAGFzc29jaWF0ZWRNb2RlbCI7TjtzOjQxOiIAR2xvdWRlbWFuc1xTaG9wcGluZ2NhcnRcQ2FydEl0ZW0AdGF4UmF0ZSI7aToyMTtzOjQxOiIAR2xvdWRlbWFuc1xTaG9wcGluZ2NhcnRcQ2FydEl0ZW0AaXNTYXZlZCI7YjowO319czoyODoiACoAZXNjYXBlV2hlbkNhc3RpbmdUb1N0cmluZyI7YjowO319czoxMToib3JkZXJfdG90YWwiO2Q6NzIwO3M6MTQ6InNoaXBwaW5nX3RvdGFsIjtpOjEwMDt9', 1740369201),
('mzRTJCXmrAXmUamwTJnak1rZtqXrI5Ug1m63K7Cv', NULL, '::1', 'Mozilla/5.0 (Windows NT 10.0; Win64; x64) AppleWebKit/537.36 (KHTML, like Gecko) Chrome/133.0.0.0 Safari/537.36', 'YToxMDp7czo2OiJfdG9rZW4iO3M6NDA6Iks3NWQ3NDhhemwza20yeEdHWkpjaUZsdEdQZ1Z3TE9ORGlzbXZRQWUiO3M6MjoiaWQiO2k6MTtzOjQ6Im5hbWUiO3M6MTI6Ik1laGVkaSBIYXNhbiI7czo1OiJlbWFpbCI7czoxNToiYWRtaW5AZ21haWwuY29tIjtzOjU6ImltYWdlIjtzOjczOiJ1cGxvYWQvY3VzdG9tZXItaW1hZ2VzL0ZCX0lNR18xNjg3Nzg4NDU4NTg2MTAwM1sxOTFdLXJlbW92ZWJnLXByZXZpZXcuanBnIjtzOjY6Il9mbGFzaCI7YToyOntzOjM6Im5ldyI7YTowOnt9czozOiJvbGQiO2E6MDp7fX1zOjk6Il9wcmV2aW91cyI7YToxOntzOjM6InVybCI7czo1ODoiaHR0cDovL2xvY2FsaG9zdC9sYXJhdmVsLWJvb2tzaG9wLWVjb21tZXJjZS1wcm9qZWN0L3B1YmxpYyI7fXM6NDoiY2FydCI7YToxOntzOjc6ImRlZmF1bHQiO086Mjk6IklsbHVtaW5hdGVcU3VwcG9ydFxDb2xsZWN0aW9uIjoyOntzOjg6IgAqAGl0ZW1zIjthOjE6e3M6MzI6Ijg0ZDFhNTMwYTYzYmNiZTI3NDFjODA1MzAxYzlkOGZiIjtPOjMyOiJHbG91ZGVtYW5zXFNob3BwaW5nY2FydFxDYXJ0SXRlbSI6OTp7czo1OiJyb3dJZCI7czozMjoiODRkMWE1MzBhNjNiY2JlMjc0MWM4MDUzMDFjOWQ4ZmIiO3M6MjoiaWQiO2k6MTM7czozOiJxdHkiO3M6MToiMyI7czo0OiJuYW1lIjtzOjU5OiLgpqzgprngp4cg4Kac4Kay4Kas4Kak4KeAIOCmp+CmvuCmsOCmvi0g4Ken4KauIOCmluCmo+CnjeCmoSI7czo1OiJwcmljZSI7ZDozMTA7czo3OiJvcHRpb25zIjtPOjM5OiJHbG91ZGVtYW5zXFNob3BwaW5nY2FydFxDYXJ0SXRlbU9wdGlvbnMiOjI6e3M6ODoiACoAaXRlbXMiO2E6MTp7czo1OiJpbWFnZSI7czozNzoidXBsb2FkL2Jvb2staW1hZ2VzLzdiYTQyMGMyN183NjA1LmpwZyI7fXM6Mjg6IgAqAGVzY2FwZVdoZW5DYXN0aW5nVG9TdHJpbmciO2I6MDt9czo0OToiAEdsb3VkZW1hbnNcU2hvcHBpbmdjYXJ0XENhcnRJdGVtAGFzc29jaWF0ZWRNb2RlbCI7TjtzOjQxOiIAR2xvdWRlbWFuc1xTaG9wcGluZ2NhcnRcQ2FydEl0ZW0AdGF4UmF0ZSI7aToyMTtzOjQxOiIAR2xvdWRlbWFuc1xTaG9wcGluZ2NhcnRcQ2FydEl0ZW0AaXNTYXZlZCI7YjowO319czoyODoiACoAZXNjYXBlV2hlbkNhc3RpbmdUb1N0cmluZyI7YjowO319czoxMToib3JkZXJfdG90YWwiO2Q6MTAzMDtzOjE0OiJzaGlwcGluZ190b3RhbCI7aToxMDA7fQ==', 1740371755),
('q2jiaGPlhtbroHMFMYuE8rhaN3KHPzL8GVX7xF7s', NULL, '::1', 'Mozilla/5.0 (Windows NT 10.0; Win64; x64) AppleWebKit/537.36 (KHTML, like Gecko) Chrome/133.0.0.0 Safari/537.36', 'YToxMDp7czo2OiJfdG9rZW4iO3M6NDA6IkxpNmZoVlRXRGRYR0R3eHFkczdHZFdTU2pjd0lzMVI1b1U5SVBwY2MiO3M6OToiX3ByZXZpb3VzIjthOjE6e3M6MzoidXJsIjtzOjczOiJodHRwOi8vbG9jYWxob3N0L2xhcmF2ZWwtYm9va3Nob3AtZWNvbW1lcmNlLXByb2plY3QvcHVibGljL2NoZWNrb3V0L2luZGV4Ijt9czo2OiJfZmxhc2giO2E6Mjp7czozOiJvbGQiO2E6MDp7fXM6MzoibmV3IjthOjA6e319czoyOiJpZCI7aToxO3M6NDoibmFtZSI7czoxMjoiTWVoZWRpIEhhc2FuIjtzOjU6ImVtYWlsIjtzOjE1OiJhZG1pbkBnbWFpbC5jb20iO3M6NToiaW1hZ2UiO3M6NzM6InVwbG9hZC9jdXN0b21lci1pbWFnZXMvRkJfSU1HXzE2ODc3ODg0NTg1ODYxMDAzWzE5MV0tcmVtb3ZlYmctcHJldmlldy5qcGciO3M6NDoiY2FydCI7YToxOntzOjc6ImRlZmF1bHQiO086Mjk6IklsbHVtaW5hdGVcU3VwcG9ydFxDb2xsZWN0aW9uIjoyOntzOjg6IgAqAGl0ZW1zIjthOjE6e3M6MzI6ImIyMmMxNmU0MTM5NjkyZWY1MGEyYzcyYmViYzBmZjYxIjtPOjMyOiJHbG91ZGVtYW5zXFNob3BwaW5nY2FydFxDYXJ0SXRlbSI6OTp7czo1OiJyb3dJZCI7czozMjoiYjIyYzE2ZTQxMzk2OTJlZjUwYTJjNzJiZWJjMGZmNjEiO3M6MjoiaWQiO2k6MTI7czozOiJxdHkiO3M6MToiMyI7czo0OiJuYW1lIjtzOjE4OiLgpq7gprngpr7gppXgpr7gprIiO3M6NToicHJpY2UiO2Q6NjAwO3M6Nzoib3B0aW9ucyI7TzozOToiR2xvdWRlbWFuc1xTaG9wcGluZ2NhcnRcQ2FydEl0ZW1PcHRpb25zIjoyOntzOjg6IgAqAGl0ZW1zIjthOjE6e3M6NToiaW1hZ2UiO3M6NTU6InVwbG9hZC9ib29rLWltYWdlcy9Nb2hha2FsLURpYmFrb3JfRGFzLTVmMGFlLTI4NzE2NC5qcGciO31zOjI4OiIAKgBlc2NhcGVXaGVuQ2FzdGluZ1RvU3RyaW5nIjtiOjA7fXM6NDk6IgBHbG91ZGVtYW5zXFNob3BwaW5nY2FydFxDYXJ0SXRlbQBhc3NvY2lhdGVkTW9kZWwiO047czo0MToiAEdsb3VkZW1hbnNcU2hvcHBpbmdjYXJ0XENhcnRJdGVtAHRheFJhdGUiO2k6MjE7czo0MToiAEdsb3VkZW1hbnNcU2hvcHBpbmdjYXJ0XENhcnRJdGVtAGlzU2F2ZWQiO2I6MDt9fXM6Mjg6IgAqAGVzY2FwZVdoZW5DYXN0aW5nVG9TdHJpbmciO2I6MDt9fXM6MTE6Im9yZGVyX3RvdGFsIjtkOjE5MDA7czoxNDoic2hpcHBpbmdfdG90YWwiO2k6MTAwO30=', 1740369970),
('UURWUXNYJXZeI8aOU7cpsejUg7KlyMENbzfAbOYZ', 1, '::1', 'Mozilla/5.0 (Windows NT 10.0; Win64; x64) AppleWebKit/537.36 (KHTML, like Gecko) Chrome/133.0.0.0 Safari/537.36', 'YTo1OntzOjY6Il90b2tlbiI7czo0MDoiYUlpbUpQeUhBcE9NNVdJazUwWmJjcmhCWEpZUnU2elRMazRPam9aSyI7czo5OiJfcHJldmlvdXMiO2E6MTp7czozOiJ1cmwiO3M6MTE0OiJodHRwOi8vbG9jYWxob3N0L2xhcmF2ZWwtYm9va3Nob3AtZWNvbW1lcmNlLXByb2plY3QlMjAlMjgyJTI5L2xhcmF2ZWwtYm9va3Nob3AtZWNvbW1lcmNlLXByb2plY3QvcHVibGljL2Jvb2svaW5kZXgiO31zOjY6Il9mbGFzaCI7YToyOntzOjM6Im9sZCI7YTowOnt9czozOiJuZXciO2E6MDp7fX1zOjUwOiJsb2dpbl93ZWJfNTliYTM2YWRkYzJiMmY5NDAxNTgwZjAxNGM3ZjU4ZWE0ZTMwOTg5ZCI7aToxO3M6MjE6InBhc3N3b3JkX2hhc2hfc2FuY3R1bSI7czo2MDoiJDJ5JDEyJHdQOEtUQXJqQVNJcUpBTFZma2hMZk9rcjJldkpWTGVMeS4vL3NVZHFhL0ZEeWIwN0JQUDRlIjt9', 1740379603);

-- --------------------------------------------------------

--
-- Table structure for table `sub_categories`
--

CREATE TABLE `sub_categories` (
  `id` bigint(20) UNSIGNED NOT NULL,
  `category_id` int(11) NOT NULL,
  `name` varchar(255) NOT NULL,
  `status` tinyint(4) NOT NULL,
  `image` text DEFAULT NULL,
  `description` text DEFAULT NULL,
  `created_at` timestamp NULL DEFAULT NULL,
  `updated_at` timestamp NULL DEFAULT NULL
) ENGINE=InnoDB DEFAULT CHARSET=utf8mb4 COLLATE=utf8mb4_unicode_ci;

--
-- Dumping data for table `sub_categories`
--

INSERT INTO `sub_categories` (`id`, `category_id`, `name`, `status`, `image`, `description`, `created_at`, `updated_at`) VALUES
(1, 1, 'চিরায়ত উপন্যাস', 1, 'upload/sub-category-images/icons8-book.gif', 'চিরায়ত উপন্যাস', '2025-01-18 23:46:23', '2025-01-18 23:46:23'),
(2, 1, 'সমকালীন উপন্যাস', 1, 'upload/sub-category-images/icons8-book.gif', 'সমকালীন উপন্যাস', '2025-01-18 23:47:37', '2025-01-18 23:47:37'),
(3, 1, 'সায়েন্স ফিকশন', 1, 'upload/sub-category-images/icons8-book.gif', 'সায়েন্স ফিকশন', '2025-01-18 23:47:56', '2025-01-18 23:47:56'),
(4, 1, 'রাজনৈতিক ও মুক্তিযুদ্ধভিত্তিক', 1, 'upload/sub-category-images/icons8-book.gif', 'রাজনৈতিক ও মুক্তিযুদ্ধভিত্তিক', '2025-01-18 23:48:37', '2025-01-18 23:48:37'),
(5, 1, 'জীবনীভিত্তিক উপন্যাস', 1, 'upload/sub-category-images/icons8-book.gif', 'জীবনীভিত্তিক উপন্যাস', '2025-01-18 23:49:03', '2025-01-18 23:49:03'),
(6, 1, 'থ্রিলার ও অ্যাডভেঞ্চার উপন্যাস', 1, 'upload/sub-category-images/icons8-book.gif', 'থ্রিলার ও অ্যাডভেঞ্চার উপন্যাস', '2025-01-18 23:49:45', '2025-01-18 23:49:45'),
(7, 1, 'শিশু-কিশোর উপন্যাস', 1, 'upload/sub-category-images/icons8-book.gif', 'শিশু-কিশোর উপন্যাস', '2025-01-18 23:50:05', '2025-01-18 23:50:05'),
(8, 2, 'চিরায়ত গল্প', 1, 'upload/sub-category-images/not found.png', 'চিরায়ত গল্প', '2025-01-29 22:18:19', '2025-01-29 22:18:19'),
(9, 2, 'সমকালীন গল্প', 1, 'upload/sub-category-images/not found.png', 'সমকালীন গল্প', '2025-01-29 23:54:51', '2025-01-29 23:54:51'),
(10, 2, 'ইসলামি গল্প', 1, 'upload/sub-category-images/not found.png', 'ইসলামি গল্প', '2025-01-30 00:24:07', '2025-01-30 00:24:07'),
(11, 3, 'ছাত্রজীবন উন্নয়ন', 1, 'upload/sub-category-images/not found.png', 'ছাত্রজীবন উন্নয়ন', '2025-01-30 00:34:52', '2025-01-30 00:34:52'),
(12, 1, 'ফ্যান্টাসি উপন্যাস', 1, 'upload/sub-category-images/chirkut.jpeg', 'ফ্যান্টাসি', '2025-02-22 13:36:58', '2025-02-22 13:36:58'),
(13, 1, 'পৌরাণিক ও কিংবদন্তী উপন্যাস', 1, 'upload/sub-category-images/chirkut.jpeg', 'পৌরাণিক ও কিংবদন্তী উপন্যাস', '2025-02-22 13:48:52', '2025-02-22 13:48:52'),
(14, 4, 'আত্ম-জীবনী', 1, 'upload/sub-category-images/3fea3d7dfc64_5905.jpg', 'আত্ম-জীবনী', '2025-02-22 13:59:33', '2025-02-22 13:59:33'),
(15, 5, 'বিবিধ বিষয়ক প্রবন্ধ', 1, 'upload/sub-category-images/pngtree-no-image-vector-illustration-isolated-png-image_1694547.jpg', 'বিবিধ বিষয়ক প্রবন্ধ', '2025-02-23 23:00:40', '2025-02-23 23:00:40'),
(16, 5, 'সাহিত্য ও সাহিত্যিক বিষয়ক প্রবন্ধ', 1, 'upload/sub-category-images/pngtree-no-image-vector-illustration-isolated-png-image_1694547.jpg', 'সাহিত্য ও সাহিত্যিক বিষয়ক প্রবন্ধ', '2025-02-24 00:18:56', '2025-02-24 00:18:56'),
(17, 5, 'সাহিত্য সমালোচনা বিষয়ক প্রবন্ধ', 1, 'upload/sub-category-images/pngtree-no-image-vector-illustration-isolated-png-image_1694547.jpg', 'সাহিত্য সমালোচনা বিষয়ক প্রবন্ধ', '2025-02-24 00:25:12', '2025-02-24 00:25:12'),
(18, 5, 'স্মারকগ্রন্থ ও বিবিধ', 1, 'upload/sub-category-images/pngtree-no-image-vector-illustration-isolated-png-image_1694547.jpg', 'স্মারকগ্রন্থ ও বিবিধ', '2025-02-24 00:38:27', '2025-02-24 00:38:27'),
(19, 5, 'প্রবন্ধ: কলাম সংগ্রহ/সংকলন', 1, 'upload/sub-category-images/pngtree-no-image-vector-illustration-isolated-png-image_1694547.jpg', 'প্রবন্ধ: কলাম সংগ্রহ/সংকলন', '2025-02-24 00:42:57', '2025-02-24 00:42:57');

-- --------------------------------------------------------

--
-- Table structure for table `users`
--

CREATE TABLE `users` (
  `id` bigint(20) UNSIGNED NOT NULL,
  `name` varchar(255) NOT NULL,
  `email` varchar(255) NOT NULL,
  `email_verified_at` timestamp NULL DEFAULT NULL,
  `password` varchar(255) NOT NULL,
  `two_factor_secret` text DEFAULT NULL,
  `two_factor_recovery_codes` text DEFAULT NULL,
  `two_factor_confirmed_at` timestamp NULL DEFAULT NULL,
  `remember_token` varchar(100) DEFAULT NULL,
  `current_team_id` bigint(20) UNSIGNED DEFAULT NULL,
  `profile_photo_path` varchar(2048) DEFAULT NULL,
  `created_at` timestamp NULL DEFAULT NULL,
  `updated_at` timestamp NULL DEFAULT NULL,
  `mobile` varchar(255) NOT NULL
) ENGINE=InnoDB DEFAULT CHARSET=utf8mb4 COLLATE=utf8mb4_unicode_ci;

--
-- Dumping data for table `users`
--

INSERT INTO `users` (`id`, `name`, `email`, `email_verified_at`, `password`, `two_factor_secret`, `two_factor_recovery_codes`, `two_factor_confirmed_at`, `remember_token`, `current_team_id`, `profile_photo_path`, `created_at`, `updated_at`, `mobile`) VALUES
(1, 'Mehedi Hasan', 'admin@gmail.com', NULL, '$2y$12$wP8KTArjASIqJALVfkhLfOkr2evJVLeLy.//sUdqa/FDyb07BPP4e', NULL, NULL, NULL, NULL, NULL, NULL, '2025-01-18 23:37:36', '2025-01-18 23:37:36', '');

--
-- Indexes for dumped tables
--

--
-- Indexes for table `authors`
--
ALTER TABLE `authors`
  ADD PRIMARY KEY (`id`);

--
-- Indexes for table `books`
--
ALTER TABLE `books`
  ADD PRIMARY KEY (`id`),
  ADD UNIQUE KEY `books_code_unique` (`code`);

--
-- Indexes for table `book_series`
--
ALTER TABLE `book_series`
  ADD PRIMARY KEY (`id`);

--
-- Indexes for table `cache`
--
ALTER TABLE `cache`
  ADD PRIMARY KEY (`key`);

--
-- Indexes for table `cache_locks`
--
ALTER TABLE `cache_locks`
  ADD PRIMARY KEY (`key`);

--
-- Indexes for table `categories`
--
ALTER TABLE `categories`
  ADD PRIMARY KEY (`id`);

--
-- Indexes for table `couriers`
--
ALTER TABLE `couriers`
  ADD PRIMARY KEY (`id`);

--
-- Indexes for table `customers`
--
ALTER TABLE `customers`
  ADD PRIMARY KEY (`id`);

--
-- Indexes for table `failed_jobs`
--
ALTER TABLE `failed_jobs`
  ADD PRIMARY KEY (`id`),
  ADD UNIQUE KEY `failed_jobs_uuid_unique` (`uuid`);

--
-- Indexes for table `jobs`
--
ALTER TABLE `jobs`
  ADD PRIMARY KEY (`id`),
  ADD KEY `jobs_queue_index` (`queue`);

--
-- Indexes for table `job_batches`
--
ALTER TABLE `job_batches`
  ADD PRIMARY KEY (`id`);

--
-- Indexes for table `languages`
--
ALTER TABLE `languages`
  ADD PRIMARY KEY (`id`);

--
-- Indexes for table `migrations`
--
ALTER TABLE `migrations`
  ADD PRIMARY KEY (`id`);

--
-- Indexes for table `orders`
--
ALTER TABLE `orders`
  ADD PRIMARY KEY (`id`);

--
-- Indexes for table `order_details`
--
ALTER TABLE `order_details`
  ADD PRIMARY KEY (`id`);

--
-- Indexes for table `other_images`
--
ALTER TABLE `other_images`
  ADD PRIMARY KEY (`id`);

--
-- Indexes for table `password_reset_tokens`
--
ALTER TABLE `password_reset_tokens`
  ADD PRIMARY KEY (`email`);

--
-- Indexes for table `personal_access_tokens`
--
ALTER TABLE `personal_access_tokens`
  ADD PRIMARY KEY (`id`),
  ADD UNIQUE KEY `personal_access_tokens_token_unique` (`token`),
  ADD KEY `personal_access_tokens_tokenable_type_tokenable_id_index` (`tokenable_type`,`tokenable_id`);

--
-- Indexes for table `products`
--
ALTER TABLE `products`
  ADD PRIMARY KEY (`id`),
  ADD UNIQUE KEY `products_code_unique` (`code`);

--
-- Indexes for table `publishers`
--
ALTER TABLE `publishers`
  ADD PRIMARY KEY (`id`);

--
-- Indexes for table `sessions`
--
ALTER TABLE `sessions`
  ADD PRIMARY KEY (`id`),
  ADD KEY `sessions_user_id_index` (`user_id`),
  ADD KEY `sessions_last_activity_index` (`last_activity`);

--
-- Indexes for table `sub_categories`
--
ALTER TABLE `sub_categories`
  ADD PRIMARY KEY (`id`);

--
-- Indexes for table `users`
--
ALTER TABLE `users`
  ADD PRIMARY KEY (`id`),
  ADD UNIQUE KEY `users_email_unique` (`email`);

--
-- AUTO_INCREMENT for dumped tables
--

--
-- AUTO_INCREMENT for table `authors`
--
ALTER TABLE `authors`
  MODIFY `id` bigint(20) UNSIGNED NOT NULL AUTO_INCREMENT, AUTO_INCREMENT=12;

--
-- AUTO_INCREMENT for table `books`
--
ALTER TABLE `books`
  MODIFY `id` bigint(20) UNSIGNED NOT NULL AUTO_INCREMENT, AUTO_INCREMENT=22;

--
-- AUTO_INCREMENT for table `book_series`
--
ALTER TABLE `book_series`
  MODIFY `id` bigint(20) UNSIGNED NOT NULL AUTO_INCREMENT, AUTO_INCREMENT=3;

--
-- AUTO_INCREMENT for table `categories`
--
ALTER TABLE `categories`
  MODIFY `id` bigint(20) UNSIGNED NOT NULL AUTO_INCREMENT, AUTO_INCREMENT=6;

--
-- AUTO_INCREMENT for table `couriers`
--
ALTER TABLE `couriers`
  MODIFY `id` bigint(20) UNSIGNED NOT NULL AUTO_INCREMENT, AUTO_INCREMENT=5;

--
-- AUTO_INCREMENT for table `customers`
--
ALTER TABLE `customers`
  MODIFY `id` bigint(20) UNSIGNED NOT NULL AUTO_INCREMENT, AUTO_INCREMENT=3;

--
-- AUTO_INCREMENT for table `failed_jobs`
--
ALTER TABLE `failed_jobs`
  MODIFY `id` bigint(20) UNSIGNED NOT NULL AUTO_INCREMENT;

--
-- AUTO_INCREMENT for table `jobs`
--
ALTER TABLE `jobs`
  MODIFY `id` bigint(20) UNSIGNED NOT NULL AUTO_INCREMENT;

--
-- AUTO_INCREMENT for table `languages`
--
ALTER TABLE `languages`
  MODIFY `id` bigint(20) UNSIGNED NOT NULL AUTO_INCREMENT, AUTO_INCREMENT=2;

--
-- AUTO_INCREMENT for table `migrations`
--
ALTER TABLE `migrations`
  MODIFY `id` int(10) UNSIGNED NOT NULL AUTO_INCREMENT, AUTO_INCREMENT=21;

--
-- AUTO_INCREMENT for table `orders`
--
ALTER TABLE `orders`
  MODIFY `id` bigint(20) UNSIGNED NOT NULL AUTO_INCREMENT, AUTO_INCREMENT=26;

--
-- AUTO_INCREMENT for table `order_details`
--
ALTER TABLE `order_details`
  MODIFY `id` bigint(20) UNSIGNED NOT NULL AUTO_INCREMENT, AUTO_INCREMENT=26;

--
-- AUTO_INCREMENT for table `other_images`
--
ALTER TABLE `other_images`
  MODIFY `id` bigint(20) UNSIGNED NOT NULL AUTO_INCREMENT, AUTO_INCREMENT=56;

--
-- AUTO_INCREMENT for table `personal_access_tokens`
--
ALTER TABLE `personal_access_tokens`
  MODIFY `id` bigint(20) UNSIGNED NOT NULL AUTO_INCREMENT;

--
-- AUTO_INCREMENT for table `products`
--
ALTER TABLE `products`
  MODIFY `id` bigint(20) UNSIGNED NOT NULL AUTO_INCREMENT;

--
-- AUTO_INCREMENT for table `publishers`
--
ALTER TABLE `publishers`
  MODIFY `id` bigint(20) UNSIGNED NOT NULL AUTO_INCREMENT, AUTO_INCREMENT=16;

--
-- AUTO_INCREMENT for table `sub_categories`
--
ALTER TABLE `sub_categories`
  MODIFY `id` bigint(20) UNSIGNED NOT NULL AUTO_INCREMENT, AUTO_INCREMENT=20;

--
-- AUTO_INCREMENT for table `users`
--
ALTER TABLE `users`
  MODIFY `id` bigint(20) UNSIGNED NOT NULL AUTO_INCREMENT, AUTO_INCREMENT=3;
COMMIT;

/*!40101 SET CHARACTER_SET_CLIENT=@OLD_CHARACTER_SET_CLIENT */;
/*!40101 SET CHARACTER_SET_RESULTS=@OLD_CHARACTER_SET_RESULTS */;
/*!40101 SET COLLATION_CONNECTION=@OLD_COLLATION_CONNECTION */;
